Date,HDFCBANK.NS,INFY.NS,ITC.NS,RELIANCE.NS,TMPV.NS
2021-08-03,0.008434353396279508,0.01439128629518421,0.012464091188525782,0.007331241431926968,0.02281342417369665
2021-08-04,0.02110421414706806,-0.0036011837229341184,-0.006212765873843362,0.007634618106786108,-0.018443745062021902
2021-08-05,0.013253729571229974,0.00260389264250476,0.0313816962091546,0.014393733883494676,0.005185402466830864
2021-08-06,0.005239463654359985,-0.0020279759269603926,-0.0046563685815499975,-0.02140578773339066,0.0011669159434243804
2021-08-09,0.007508661866589196,0.007907122230601879,-0.0021028230241815944,-0.005712705391721704,-0.006520014228087595
2021-08-10,0.0024903527669080396,0.008351853433908247,-0.018647872343051937,0.005233814427433699,-0.013169175943690924
2021-08-11,-0.008459397354390701,0.0001788898232712972,-0.005734978920565002,0.013911091993312419,0.004239752612178298
2021-08-12,0.004305241402928022,0.00715734963654818,0.001197591482679914,-0.003216733880946051,0.035085557944317516
2021-08-13,0.016382971314165804,0.01328726675250918,0.012132883642247594,0.016517565656982366,0.004076591602928211
2021-08-16,0.002878861048252308,-0.0045658643312483935,-0.0026044469056849795,0.01289624089092361,-0.011621285335878858
2021-08-17,-0.010475379905567636,0.021619715656602236,-0.008093439889625681,-0.004264852138088893,-0.01995412599609187
2021-08-18,-0.0010899554614422994,-0.0047192122772893585,-0.0011956876590675527,0.0038738573900800053,-0.01471974769345049
2021-08-20,0.0011559230099105456,-0.0002886047597283039,-0.0002393091878693275,-0.011294136489583027,-0.035566215888783455
2021-08-23,0.006481704501535738,0.0033413833465826943,-0.01252422519248912,0.0065420008122396706,-0.02196328073225779
2021-08-24,0.022216263730660754,-0.010348058879207308,-0.002669550159267544,0.009825094779998421,0.010237926344396719
2021-08-25,-0.0009307082681438261,0.008505881661034232,0.003154141115765125,0.00861776578053676,0.016306670181460856
2021-08-26,-0.0016706147398143879,-0.004533257061583552,-0.0087590545358055,0.012564823395537226,-0.00035174947251867663
2021-08-27,-0.004092620833488287,-0.010999541068152829,0.006333559813478811,-0.0013683214250833956,0.005087365319411598
2021-08-30,0.012705930740568899,-0.006310973612286924,0.010147648428873708,0.01905491169758482,0.02146530569271087
2021-08-31,0.008350298820540092,0.004934732897038855,0.01574075792569192,-0.005343983680830119,-0.01605560149794776
2021-09-01,-0.0014556377361012163,-0.016961603700446446,-0.00855524746701538,0.00395556193339539,0.02729550380825279
2021-09-02,0.006249994096112156,0.006742205308421813,0.001192642919340606,0.011969856259118433,-0.007138071767553375
2021-09-03,-0.00818330376293199,0.006814825961387716,0.004044250448110564,0.04019423376954177,0.00815352851339017
2021-09-06,-0.006588738220708433,0.017341863718930848,-0.006191866227837254,0.015413444703786838,0.006408233094669212
2021-09-07,0.0022648326509256303,-0.0138201780169598,0.011637621744596935,0.006287835650889354,-0.009627602607120913
2021-09-08,0.00454602804194257,-0.007882535514196473,-0.002364048774664678,-0.003920231715310001,0.0022039127666148317
2021-09-09,-0.004960329935262005,-0.0009750350738314725,0.0066055043127414646,-0.0023676039355792745,0.012453939552309156
2021-09-13,-0.008354322165889412,0.00017737242394102337,0.007028845396410368,-0.022535289084765823,0.0074980385437966425
2021-09-14,-0.004510140652171501,-0.0034043101600189766,0.009064588115057963,-0.0013081376304733285,0.016137372415667726
2021-09-15,-0.0011307628509635871,0.014893167336045466,-0.0004628342815706693,0.0041503857979211505,0.018931049231899404
2021-09-16,0.008465439351715997,-0.005390053618998443,0.06605651264729907,0.020764278893649044,-0.0009621463928988292
2021-09-17,0.014131047534949391,-0.006453497003826948,0.0017320640674393462,-0.015626785319590848,-0.00983491786173761
2021-09-20,-0.01419510359656886,-0.002042036180222088,0.011185129939495454,0.0015882004731905025,-0.031769395936727285
2021-09-21,-0.005077557664838988,0.017967176921509183,0.032617577753641686,0.004313513238381279,0.009985115993745942
2021-09-22,-0.01182905028545162,-0.0009023614796201486,0.008247323936172748,0.010671860462748073,0.026633323796729037
2021-09-23,0.023392611634258726,0.014829386896002494,-0.004115279567906632,0.02414554759612099,0.036102776577864995
2021-09-24,0.019896293562153604,0.0121493101967192,-0.016841924490816423,-0.002895959742841086,-0.011103416107478161
2021-09-27,0.014597478524103926,-0.024506264462166357,0.0010476772871389354,0.016676522205566778,0.042185891338318494
2021-09-28,-0.006203449784028608,-0.019981594887870997,-0.003987564528407454,0.009305232771754487,-0.007110956724832383
2021-09-29,-0.013213498141999317,0.0030479021641046143,0.0014709832924107906,-0.00795920759387627,0.0028808064290393926
2021-09-30,0.0006899427076379921,-0.010126454705338513,-0.008223581690018817,-0.0034080494917180537,0.009343021717531902
2021-10-01,-0.007710208691379527,-0.0060172829882533495,-0.003393681480263983,0.0017649634417260232,-0.00014998669319108871
2021-10-04,0.0019252766316254003,0.008134167891502736,0.00529726596848833,0.012776210187452662,0.025767698244169752
2021-10-05,0.006098288461801063,0.00833458987028125,-0.008062802342581577,0.020541377134330154,0.008588859570377715
2021-10-06,0.012117230126792524,-0.011436937211788503,-0.014808785914119351,-0.019094947401961715,-0.026139676388652052
2021-10-07,-0.0027282133983291624,0.01037304550396101,0.007324704782949745,0.004890619585818618,0.11365827770418463
2021-10-08,-0.004886301141359526,0.019239930346010754,-0.005380572790121362,0.03770726165009054,0.016986349463217386
2021-10-11,0.019250197748087564,-0.01926943689294374,0.02703711979787869,-0.006987626038436169,0.08217952445179383
2021-10-12,-0.0025740500892975785,-0.0034360000955878382,0.013560415121054646,0.0056951144286266474,0.012192469335677253
2021-10-13,0.005995709877103948,0.014170768923394025,0.03221481515245081,0.010125515277584865,0.18603718171064626
2021-10-14,0.028858520110746674,0.0038250175272371086,0.029067891154916575,0.0020202435788373527,-0.018517094530565017
2021-10-18,-0.010185670950685908,0.04356566920040261,0.023117855425432016,0.0026627051832232773,0.02382952735471968
2021-10-19,0.010955800533719227,0.016601089738931055,-0.06531328506535841,0.008916514868636186,-0.05588950926077685
2021-10-20,-0.008832571189822653,-0.010925820589389951,0.0026393619165504993,-0.011579220051859563,0.01032213009035533
2021-10-21,0.0014626345568541693,-0.027391973487507566,-0.007734575224783222,-0.029271887316906116,0.042422710681098756
2021-10-22,0.0026510660059929315,-0.01949124475345918,-0.03366214201426886,0.001866858131719108,-0.034241065753076644
2021-10-25,-0.014231324835872163,-0.007148423303113544,-0.013617175052512214,-0.009791377735193701,-0.022662632909809036
2021-10-26,-0.0025682717877755362,0.006565976425345331,0.014039884116154745,0.022517423762941465,0.058182386187824536
2021-10-27,-0.006038446602543729,0.014711886848256136,0.0073661920870099935,-0.012726046027747863,-0.021360902707253153
2021-10-28,-0.030406431274283652,-0.014594473474526052,-0.05761505245851777,-0.01102195180623425,-0.034428028894722434
2021-10-29,-0.006768582515523522,-0.021444297551283752,-0.008476468227564973,-0.02428607423833814,0.005493754499283147
2021-11-01,0.014083563066245593,0.019182236986064794,0.016220794261100666,0.0006109548502560397,0.004126252442573891
2021-11-02,0.000902868447228834,-0.0012654513722188826,-0.005525657546814661,-0.014687071315117747,0.004416780287098946
2021-11-03,-0.015871429277118935,0.002705491868706501,-0.014061027006178405,-0.0069015362750448435,-0.006065316232862435
2021-11-04,0.007873093139926436,0.00363508145352405,0.018263240242256867,0.0061214915362893365,0.009850311560506333
2021-11-08,0.0039446442575734085,0.01671458687694347,0.014243710828695988,0.0012398081491811913,0.02361125948433468
2021-11-09,-0.017652114348803004,0.0028734692949053515,-0.004579701737235033,0.007862903357803463,0.016320032188665783
2021-11-10,-0.010871419084061808,-0.0013495581240886472,0.009138525385563553,0.011120805621133368,0.0021559570532568764
2021-11-11,-0.004478659912673034,-0.003944134887295488,-0.0036889206179988366,0.0018220550305496318,-0.01439580030823849
2021-11-12,0.0030308675720904406,0.026698574708511807,0.012529871295385683,0.014977965629476338,0.0071250877280640695
2021-11-15,0.0027329243004611484,0.0038964726636106636,0.02208178163244889,-0.005917785847700031,-0.0031603227461765265
2021-11-16,-0.005957755590822389,0.0028775439122660034,-0.01119239174594501,-0.023511080397631463,0.02655095115458984
2021-11-17,-0.01117312259603382,-0.002709807374206699,0.01705486292871879,-0.021639133959418567,0.021159810961790173
2021-11-18,0.005602335525826373,-0.004513651691369483,-0.008385727963559032,0.0037671555417819525,-0.03933759327205296
2021-11-22,-0.015746416073219513,-0.011303323163519258,-0.028182918210392403,-0.04530397724093277,-0.04740797233482683
2021-11-23,0.00013204195062531006,-0.012871053152447335,0.003026972226859066,0.009306146938326685,0.01915298144729895
2021-11-24,0.0016481956852503735,-0.023829376505540747,-0.016982741761196365,-0.01454467858552034,-0.013920939415093451
2021-11-25,0.005190480323821762,0.0154460865166113,0.015686709423383526,0.05845591529617414,0.008355467112274912
2021-11-26,-0.023908146061590033,-0.018014211650083847,-0.032069640288602874,-0.03276164542794792,-0.06834069278005797
2021-11-29,0.007589116974948106,0.0027745222151609166,-0.011223374489690524,0.011907514216371625,0.00271249153563709
2021-11-30,-0.005142292149838825,0.009562968798864528,-0.0015814866255372464,-0.014896287460440326,-0.006195311715128415
2021-12-01,0.007404460465974008,0.001312888052265366,0.00338564301950559,0.025286548969597106,0.035662581301505264
2021-12-02,0.013925718790403453,0.019260493218675935,0.015871615582703304,0.006404331025142873,0.008068364205831282
2021-12-03,-0.008027963105698721,-0.007290949778480554,-0.016998831828623814,-0.03050690012238313,0.0020850958070693206
2021-12-06,-0.006462731444149219,-0.02346455548787462,-0.017063317675649153,-0.019137595524779342,-0.027236995195192404
2021-12-07,0.014458034615342676,0.009598082494503031,0.012541352089644155,0.008114750429406336,0.030771593650648636
2021-12-08,0.018250214996235446,0.02407037702666865,0.019300479092267054,0.015104667357069553,0.024803983737097024
2021-12-09,-0.017496828642942514,0.005743856245284632,0.045408197141115395,0.015735094965339546,0.00010134527296706655
2021-12-10,-0.0028201409801565736,-0.0023844877695189293,0.002969028794626844,0.001017237747926209,0.0010116845313819813
2021-12-13,-0.007515696372549634,-0.00833367462949953,-0.006373458645449818,-0.02025292453911359,0.0018185960393555024
2021-12-14,-0.005773871284663691,0.0042896588158636735,-0.025908066264200565,-0.012318002889131503,-0.01208439342642502
2021-12-15,-0.001631928917056921,-0.010297360820060017,-0.02010451470675285,-0.0029241862639756357,0.00458685539911146
2021-12-16,6.661181195117284e-05,0.021337023813148785,-0.0051460211347527235,0.01285301429390846,0.0006099984064987591
2021-12-17,-0.018196716668482958,0.02742007438555634,-0.02245765923827015,-0.02674899933097864,-0.04521888509778369
2021-12-20,-0.03270715173789611,-0.012127953611311873,-0.025794269068378072,-0.027330829031688673,-0.05048782459694965
2021-12-21,0.01126450546827536,0.007034939301607557,0.00047067705664308537,0.014775983203669362,0.014545392525662625
2021-12-22,0.002355334979409536,0.007205314665283646,-0.0023557866054615658,0.023454395623805233,0.03658024901547724
2021-12-23,-0.0007613707315746432,0.017869734185207202,0.024692637115034822,-0.0003591052121150091,0.003924229457092386
2021-12-24,-0.0036073142918736254,0.0031710619642133235,0.0032162038354066557,0.00318699125611346,-0.010106923132618857
2021-12-27,0.008236192627499625,0.0014210945652264693,-0.002066257270947276,-0.0010753400426484116,0.007563158815832289
2021-12-28,0.006869054915157947,0.011640542282925676,0.011426082187811607,0.011806296112010778,0.0190262443981319
2021-12-29,-0.004769014717663383,-0.0012985351925844262,-0.01511027163517888,0.0017082106256106479,-0.008784878672142163
2021-12-30,0.005248068275566318,0.003863989828731311,-0.003466225671599001,-0.018229764363285078,-0.011834502302646615
2021-12-31,0.012173264352277025,-0.002697837447841444,0.009446082082274578,0.003828954969877826,0.025190278314457665
2022-01-03,0.02684347838296673,0.0056520344067751815,0.004803805604188625,0.01496246419930155,0.03102294810633935
2022-01-04,0.005839624945883505,0.0003687440312932378,0.005235038795827852,0.022317188745490973,-0.016207806935262182
2022-01-05,0.02347033742677505,-0.02911692824951949,0.0013611861697055377,0.004667337275073033,0.00030629078519141305
2022-01-06,-0.01616991312337214,-0.014662522500842958,-0.008423458631269086,-0.02173597023735866,-0.0018393457395854068
2022-01-07,0.0069895257206776884,-0.0019271959405209303,-0.0013727083987280693,0.00803725759381882,0.00357341525716385
2022-01-10,0.005531173951765666,0.019891103469271528,0.022187845436635517,0.0008205034971731127,0.026351810712560857
2022-01-11,0.004319949642141405,0.0026171718164019605,-0.006064006041050874,0.0071728672304884646,-0.004776208498318117
2022-01-12,-0.005924747062115968,0.011706413115045566,0.0035977676195960953,0.026344395718060735,0.011799340778844208
2022-01-13,-0.018576266683543372,0.010253786491937195,0.0053728434984427875,0.0056168393997908135,0.009222858254328326
2022-01-14,0.011161318385079132,0.017014851135024087,-0.006046265587994525,0.001458210199725229,-0.00401237036323587
2022-01-17,-0.015424374967728497,0.0052471112878974685,0.008944446790870891,0.005205071210860687,0.02918370700991986
2022-01-18,0.005080736676541638,-0.009714400441291135,-0.017290094024796906,-0.012002311691031543,-0.027420165860070626
2022-01-19,-0.0070873097519357315,-0.028356198975024022,-0.0018136515226901228,-7.919819791367762e-05,0.019483879413661184
2022-01-20,-0.006242967123078475,-0.02349233940274187,-0.007287679478398148,-0.017664040579274252,-0.009936728715963211
2022-01-21,0.008315210764417135,-0.021056824174502962,-0.007801686372294962,0.00016143010573817668,-0.02722397432791097
2022-01-24,-0.023237100313469258,-0.027766081138386023,-0.024485432070005725,-0.041173184549795884,-0.04774956096336352
2022-01-25,0.0009414052698296747,-0.008470972745754013,0.011734468586402098,-0.0019576581549549123,0.024975502935289697
2022-01-27,-0.008842508848342968,-0.025613370553643502,0.0013989529158378129,-0.014921670302917037,0.00781763357632048
2022-01-28,-0.007964117670328558,0.004517312677341672,0.013882754836115401,-0.0009627620155608754,0.005848589619611814
2022-01-31,0.015226062213588729,0.029221583571500714,0.011877686334614472,0.02149391797712231,0.04029902092295498
2022-02-01,0.007576941840930915,0.020438099474895867,0.03371221211768808,-0.003315706988515703,-0.026321120738933727
2022-02-02,0.022588637815581604,0.008457241630145631,0.0191351309342439,0.002036856186451397,0.004155503109199554
2022-02-03,-0.010405226618865296,-0.02754279482782216,0.009858670876071228,-0.013006076260643462,-0.0037590374856923685
2022-02-04,0.0056919914034333115,0.0014655441704179062,-0.000640052939286148,-0.009158687617481167,-0.0077604511338530534
2022-02-07,-0.03733526078380732,-0.015104093399098429,-0.017653694800516012,-0.006109727391063143,-0.012057974645332151
2022-02-08,-0.004300425098491222,0.0013402134463732544,0.0045507521464881445,0.016669931584085057,-0.0037474905686777356
2022-02-09,0.024161123806785853,0.011579071277959565,-0.0047681364417751886,0.011583640605923706,0.017103104878506442
2022-02-10,0.018196115765088165,0.018421335549563836,0.009083271247204374,-0.0010285143502859237,0.012293235415403022
2022-02-11,-0.00410644087968037,-0.027644658111814026,0.0008608970474541683,-0.001954726045351866,-0.017092782622266208
2022-02-14,-0.03017728585329632,-0.02300647971401677,-0.03381611441747428,-0.016055658360586478,-0.0564923661141259
2022-02-15,0.029485850813724367,0.0327764521131019,0.01604748373183538,0.03338886933233972,0.06676320370153832
2022-02-16,-0.0013516887651301066,-0.002851730875817088,-0.001121751112256847,-0.002069950675225589,-0.011073037908117714
2022-02-17,-0.006121373726668951,-0.004916000770663327,-0.0004490190148824586,0.012581397313813811,0.003004844797529168
2022-02-18,0.0038757902842364352,-0.010403064200929584,-0.003374340469862152,-0.00784727770190676,-0.013694725937285011
2022-02-21,0.006426140304188959,0.013817944062858613,-0.017731670090610045,-0.010157175592493857,0.0026326641405773313
2022-02-22,-0.007517926896277984,0.0021066260723251306,-0.014555061316942732,-0.004552166900340459,-0.033312437788001595
2022-02-23,-0.006508077430977392,0.004889077614753372,0.005106963840396819,-0.006277620212098878,-0.002617147812712947
2022-02-24,-0.05583074334947729,-0.037829861823538424,-0.03510807042106842,-0.05111468391293507,-0.10851005143253764
2022-02-25,0.025527370082252886,0.009754807813712643,0.025803396015680335,0.012423998761706757,0.07167653297927584
2022-02-28,-0.020713037070257356,0.012316227121313283,0.008841425403574644,0.03256440986226005,-0.012475628708779456
2022-03-02,-0.03714033153072852,-0.007488961488011893,-0.0025512291632456673,0.0163935952554357,-0.014307318960079012
2022-03-03,-0.002367758212991585,0.010544381162742183,0.018864012184959825,-0.008478593341586814,-0.023738037635597564
2022-03-04,-0.0032877467809092134,0.0014227276898233986,0.027423598593635308,-0.02242943289615847,-0.046476362380872674
2022-03-07,-0.030991182632508534,0.009557775675218741,-0.002441919118028871,-0.037681486229719646,-0.05733469945091833
2022-03-08,0.0022619170368495356,0.02180275432917115,0.008631188836452969,-0.0018100686141700674,-0.005727094729876367
2022-03-09,0.03212642433591825,0.01957441337840854,0.010303612189627344,0.051693569495088576,0.0354829945863908
2022-03-10,0.015594463246173591,0.006897059260839737,0.01192425937333523,0.016075847042057084,0.03319514846376018
2022-03-11,0.002939614091993712,-0.002138283105466854,0.018576471147107816,0.0028800392152167472,-0.0034617865600045437
2022-03-14,0.032228390616729774,0.03701217938985921,0.01114980707119522,0.008177715588074667,-0.0155452606280438
2022-03-15,-0.012942542806319086,-0.027561879734638226,-0.004823400444829565,-0.02316982749392444,0.004725271084647921
2022-03-16,0.0168169612032727,0.02687426650265251,0.019773877596736735,0.01674128283152496,0.026833654566269908
2022-03-17,0.02178916271527336,-0.018590371978455096,0.009435873993138956,0.032080289777031396,0.02072980189898064
2022-03-21,0.004348400942711808,-0.0008360138694484533,-0.0016346759340402904,-0.005778916137632862,-0.01357721452515357
2022-03-22,0.0051331808105764525,0.018367323457499102,0.021245216462968605,0.02550879603963865,0.028563496954081953
2022-03-23,-0.010022352236555012,-0.007979219353462899,0.00896858609080136,0.003175331802217771,-0.010386477101063035
2022-03-24,-0.025053365230015338,0.007608252923510623,0.011246108503443916,0.015416676325483186,-0.005983875691992639
2022-03-25,-0.008178162696492613,-0.005394350374082802,-0.0059032240768724376,0.00664819605710538,-0.0025424001130838875
2022-03-28,0.0013270003199044597,-0.0014131391077487772,0.014498704116822025,0.01000451380026212,0.001387518864692961
2022-03-29,0.013173503312903883,0.006436385384715748,-0.009576971054065329,0.0002286896110727677,0.002308285830901081
2022-03-30,0.017174965270277752,0.009472315357723448,-0.0214379096496064,0.019035573559821186,0.004486184525353817
2022-03-31,-0.004478687725613632,0.0015220710858888358,0.005801783412545895,-0.014394471758182863,-0.0043707005467858474
2022-04-01,0.023956682086416506,-0.0017319421947122533,0.010517099798227935,0.007976513901217364,0.016916417382896315
2022-04-04,0.09543092451548808,-0.010881033397190827,0.008451995166491923,0.002951492547987755,0.012614248713437571
2022-04-05,-0.029741411529876544,-0.011672020093913162,0.01553721543848041,-0.01423542553450413,0.024979262724692256
2022-04-06,-0.03634351272127716,-0.017480188523148914,0.0005781778182863892,-0.002669146517933468,-0.004156652663624436
2022-04-07,-0.022233075292086093,-0.009808129735878966,-0.011428740232939504,-0.017797314535179246,-0.014685908668039115
2022-04-08,-0.0013856095244446636,0.001985674693600572,0.04252725905403675,0.01649819085922408,0.005656991061736817
2022-04-11,-0.012289249151602481,-0.02683653452247227,-0.0011209694992349167,-0.0020857700098076853,0.0
2022-04-12,-0.0017728670708001251,-0.01373627752431551,-0.010144746868454997,-0.019009367363864042,-0.030889263353722534
2022-04-13,-0.019301265085034287,0.003494762771091471,0.017779029951686252,-0.003677136972868766,-0.016679420261938017
2022-04-18,-0.048604110353426835,-0.07549687818203556,0.0020383586279644423,-0.003061593952538521,0.006359506867610099
2022-04-19,-0.038906759095654185,-0.037322968373334584,-0.03216681949794628,0.03740322608746418,-0.02061214745084329
2022-04-20,0.008974536799998364,0.01631922181207078,-0.007676060333639128,0.028979955253838726,0.03605245930261792
2022-04-21,0.014696142787297,0.01939885766933892,0.0032695805973357605,0.023144093034694075,0.016880871520822748
2022-04-22,-0.013736588820067888,-0.020816916140872152,0.002684545107577819,-0.008410131259247123,-0.020747136643716628
2022-04-25,0.007459429806137754,-0.01547747675140702,-0.022660041845236012,-0.023397560252730237,-0.0317156410847126
2022-04-26,0.00460232622559811,0.012666770885114432,0.014391480652678364,0.0294866516462879,0.022674116014954535
2022-04-27,0.00036444434286055723,-0.017997683667295393,-0.005615225511596941,0.0009723868260515471,-0.010749765847353774
2022-04-28,-0.0008748325899239665,0.01900917352022549,0.013883786704154568,0.014826311441688816,0.013390549321648303
2022-04-29,0.009615614808356474,-0.009555039776236809,-0.005954125704913446,-0.010552303218601462,0.003548290552731219
2022-05-02,0.013700355586307264,-0.017082398878967488,0.013774880129513589,-0.0035186082411981534,-0.010913913911317371
2022-05-04,-0.0345725423435208,-0.0035428963228374003,-0.013004711890193019,-0.03171560064079833,-0.021837810731542014
2022-05-05,-0.0022517518223281645,0.031790528997383244,0.008815826106989772,-0.019777331093397608,0.00658979777642069
2022-05-06,-0.026475301961674188,-0.027047810544297685,0.017401653790592313,-0.007697425582325753,-0.04252898627663448
2022-05-09,0.0017061325979578787,0.01766711528115853,-0.013973053461833695,-0.03983824707117745,-0.011323066263550242
2022-05-10,0.015934666768132273,-0.01110993895975004,-0.012244426435748312,-0.017485233891153446,-0.0306674396915259
2022-05-11,0.005614157858679487,-0.017047359805836954,-0.015910199931328865,-0.010296681742146735,-0.009231932974494038
2022-05-12,-0.022799354187974945,-0.011826531578290984,-0.010815016434706769,-0.020583435601607566,-0.04169192100209127
2022-05-13,-0.009019520039737744,-0.0029204615114413134,0.022288205973260606,0.011272365207431875,0.08245718636152471
2022-05-16,0.010591601686363462,-0.01022232287016173,-0.01755463329437663,0.0002473197827953185,0.0025937294761759723
2022-05-17,0.006796238118459973,0.019518044486066716,0.04086919344378516,0.04114478862984098,0.04533633209324086
2022-05-18,-7.605549699676375e-05,-0.006110303203060489,0.007902145801926748,0.0036310078371707914,-0.02144736536247068
2022-05-19,-0.020647159310589143,-0.05590020715951357,0.03263275999017369,-0.023316215546196412,-0.04055607311597506
2022-05-20,0.02599841617150076,0.01942956663175786,0.015657661272013505,0.05667328830648488,0.04739772943191417
2022-05-23,-0.01291477020219387,0.009064320158488374,-0.019838338280158338,-0.006709592291056339,0.008219674604111353
2022-05-24,0.011399597379010806,-0.018835981919274315,-0.013386121550380794,0.003427294331972659,0.010151201764848584
2022-05-25,0.007440257011109291,-0.02142868841411456,0.006806962513182731,-0.001472708987683582,-0.02076618988978068
2022-05-26,0.028122649910178994,0.009525875691486855,0.0018418881345195286,-0.009578699030860302,0.00871496854867756
2022-05-27,0.018378597243589936,0.025926144020585108,0.009330128628901195,-0.004649330693934347,0.02105337351548276
2022-05-30,0.006801261469304539,0.04381357541376413,-0.0005573939096638467,0.034240821127675694,0.02935994591084996
2022-05-31,-0.00903076193035168,-0.004777242682554291,0.0059292818190923415,-0.012138138925983128,0.002596072418631017
2022-06-01,0.004238854057733323,-0.01680030483387721,0.0044239524213879845,0.0003227388921467133,0.002364479858892298
2022-06-02,-0.007014444529672288,0.019722279775388776,0.006051120103332489,0.03389789803139602,-0.012333976520820862
2022-06-03,-0.003471482083909422,0.009043927446131333,-0.0029295235532902477,0.020059465685618758,-0.01664693750599257
2022-06-06,-0.0013413655229352003,0.005472387305031752,0.007671375959431675,-0.00430849321341153,0.001041319525917424
2022-06-07,-0.011564975336564897,-0.015378772500808864,-0.003280403819143606,0.0018770987323099345,0.008062795373915395
2022-06-08,0.0035164973964570733,-0.0044567241474583455,-0.02214934851054373,-0.0177198840603009,-0.00045907035681912444
2022-06-09,0.007504370486283805,0.009950414331488092,0.01095144505340587,0.027053175108866324,-0.01654843445697503
2022-06-10,-0.01949637112896573,-0.025537774738305288,-0.002587859858912826,-0.030657348039402673,-0.00105060734455362
2022-06-13,-0.018299888689975712,-0.03605681137028556,-0.0205691500740883,-0.01909990958767978,-0.05116430924209804
2022-06-14,-0.011066518065467405,0.011204178597638758,0.0030182888394555685,-0.01315454548494904,-0.003818395662278189
2022-06-15,-0.003474104351415218,-0.012820057381401732,-0.007752644049214239,-0.012173832811502246,0.021850084181505483
2022-06-16,-0.020203377558581738,-0.017734850987840275,-0.010303639554601689,-0.01407998896728601,-0.05242505224368083
2022-06-17,0.006573281306465114,-0.0071106959202079266,0.009923848102822062,0.01165060502524945,-0.010231614832105466
2022-06-20,0.024810793624922542,0.019169076981478003,0.0030338108495143816,-0.018293752418938516,-0.01619943365322227
2022-06-21,0.010832401282834532,0.024966005391379775,0.021723683485899536,0.016013035657273942,0.038194997328438576
2022-06-22,-0.00472480429554475,-0.008762920558771885,-0.017190259680065757,-0.030848970228250238,-0.011382257448279831
2022-06-23,0.003676807505107257,0.010520126881187664,0.0007535765483535926,-0.016356829658057504,0.03524033891464855
2022-06-24,0.013871881850937145,-0.007844954849563074,0.001317428791875229,0.014139354531371906,0.005143870635963664
2022-06-27,0.0018079703765918054,0.02297997697830728,0.015304456027467337,-0.002964411391924076,0.012624601176699921
2022-06-28,-0.007660587282520293,0.0037566375300080337,0.00701379533830217,0.013963382120982944,0.006253069133627049
2022-06-29,-0.0014500283121674055,-0.011483296379104356,0.008060095440777812,0.02053769503807639,-0.0003596497645007497
2022-06-30,0.003009212642626575,-0.0009231670452468409,-0.002008975337445251,0.005989668908298455,-0.012428690870839932
2022-07-01,0.004256380642513876,0.011899801892114184,0.03890426224782502,-0.07474985532318562,0.002183349909275603
2022-07-04,0.001402443607190278,0.005796200292669712,0.026205332405294688,0.0020735990060625283,-0.010351548858476944
2022-07-05,-0.0022522525609150455,-0.008131142682043367,-0.017277550879980827,0.008066924029001474,0.008653926667189941
2022-07-06,0.013694045324365701,0.010581204420994085,0.008330392551929359,-0.008833780883578793,0.01050291874484765
2022-07-07,0.017745011637423033,0.004714989078767354,0.009118466164443286,-0.00989593780904931,0.034233701191992906
2022-07-08,0.0009308635758574184,0.010454368014161483,0.0037608624688016913,0.0013807848914632935,0.024531202540658596
2022-07-11,0.0064568658380680585,-0.027649397807664473,0.006631992187620915,0.013498972263583042,-0.01024370715469078
2022-07-12,-0.010257514555719839,-0.023732449271715816,-0.00782713114830784,-0.0014245016653851733,-0.014984029453620581
2022-07-13,-0.02469544064107075,0.004058144283069306,0.004601514424062369,-0.01788281416352486,-0.008045244838912337
2022-07-14,-0.00502047344160865,-0.010858723169647875,-0.010942043830403618,0.0082099918657856,0.0022218735978581225
2022-07-15,0.008108940207886862,0.0010493687418655809,0.00924014918983411,0.0019379344913198016,0.027989148087222245
2022-07-18,-0.01070276913257961,0.04078975194245898,0.005943939703169902,0.008478547904894133,0.024016286623788886
2022-07-19,0.0003708225107644588,-0.0038668581916629814,-0.0023733379164663044,0.006111945891779426,-0.0041113653757097555
2022-07-20,0.012532033952366368,0.020771329239090485,0.012145912559811336,0.026680985260763936,0.009750841503588183
2022-07-21,-0.003155105917454361,0.011548041321263263,0.004516959166633614,-0.00669434391506025,0.0030826787322880615
2022-07-22,0.023064660842912314,-0.017505235527608125,0.003332706252719157,0.006734614932552921,0.00010983894969758799
2022-07-25,0.0029399945023150516,-0.001794073081279632,0.0018282681953810526,-0.03359735108033941,-0.011830503899320447
2022-07-26,-0.0020426369170429824,-0.03550597357777782,0.004473613433627575,0.0004544412188031238,-0.01886216598391564
2022-07-27,0.007612141618188922,0.013620180159793396,0.00560524715193821,-0.0009504207927858707,0.006552249040789978
2022-07-28,0.008825926544719804,0.03102183923522261,-0.0023044432859115477,0.015544940693280123,-0.004061798100003038
2022-07-29,0.012171062224098377,0.021063068714205338,-0.0013189778218129456,0.021081663158933815,0.016483057897993855
2022-08-01,0.008297787077261597,0.0008707980898654168,0.014577372143073484,0.02572779790538168,0.0637596494705793
2022-08-02,-0.011055646789248108,-0.0048149642074928195,0.007935726076304874,0.0037988249501183223,-0.006175008186678681
2022-08-03,0.0023395204390349172,0.014471311970210489,-0.0058242942833502415,0.008360715623827232,-0.017902092713319395
2022-08-04,-0.0011865460549106313,0.021352487162466786,0.004371487384264104,-0.013305853763380535,0.002348605469144256
2022-08-05,-0.0033928886592660616,0.010415200900490357,0.004352460627372965,-0.0148458956991866,-0.007814681159580521
2022-08-08,0.024230139458482396,0.0016995353139035573,0.00737173979828935,0.01299719344639299,0.0064275204279694706
2022-08-10,0.002902789056403929,-0.010522061270868008,-0.00624675922127842,0.005961780415997947,0.015469654475475594
2022-08-11,0.013143766974267996,0.010861554110872152,-0.016033759824509997,0.0033245100799243745,0.002310440508694306
2022-08-12,-0.0003702338136073288,-0.016085962070979277,0.007482113455260357,0.0160412078267796,0.0018863800570319462
2022-08-16,0.011381623535875792,0.0014730996999107418,0.006460810517898688,0.006926251355009371,0.025430378589770628
2022-08-17,0.005145949059907499,0.00611978473913313,0.006419868224673584,0.005210184677497795,-0.009125854149452765
2022-08-18,0.0011914786796175286,-0.01461205851709961,0.009869216038263596,0.0018120776389076885,-0.0012369115702089923
2022-08-19,-0.012413818507906089,0.00889939533735298,-0.011630625497822405,-0.017990562663191313,-0.028878400660762873
2022-08-22,-0.015320651262165825,-0.013521561198936216,0.007662960432747755,-0.002777594880112904,-0.03544014769135111
2022-08-23,-0.0030992029378918554,-0.021328310270530827,0.00475968676076366,0.015304789498851017,0.012786412931779668
2022-08-24,0.004798125272835535,-0.0031821106810317637,-0.00571427813937002,-0.002667250400108442,0.00595465504607226
2022-08-25,-0.005446408052419931,-0.012664959661615221,-0.005587177730507649,-0.0029212512118292917,-0.008673113653052927
2022-08-26,0.0001705812635493965,0.0022370450282274018,0.0017592012600567664,-0.00535235829730094,0.012658998373275035
2022-08-29,-0.017697203929024324,-0.04009515985298071,0.00207526673667894,-0.007803371326116565,-0.0254803729228674
2022-08-30,0.03192895135317139,0.02111962878072371,0.02192349851103588,0.015394899789794152,0.038405901971942984
2022-09-01,-0.009431335026010717,-0.019444907832395192,-0.009089568839090827,-0.029838619543142594,-0.008955334371298845
2022-09-02,0.009027521854365688,-0.007678718559114593,0.01732384298764253,-0.011746686451225676,-0.011091368577781877
2022-09-05,0.0064082328013426535,0.005696054211245922,0.01748509633879318,0.015411301803352513,-0.0059734781143014806
2022-09-06,-0.0038199059548242073,-0.004251754662072721,-0.005182861673724888,0.010471078811768895,-0.0027269897553945347
2022-09-07,-0.004744842406192597,0.0017509319098298452,-0.0032147706787317275,-0.005831772712008782,-0.02634059646156937
2022-09-08,0.010268947715951247,0.012442317344292587,0.011585562411028644,0.0014126888321437,-0.008220286155983818
2022-09-09,0.0006674101327061656,0.02393376055575981,0.0018168502510466959,-0.00624656012348767,0.008332482704220524
2022-09-12,-0.0033754431323104006,0.01611012826868592,0.001209662767607685,0.011127543413060713,0.011372591139538637
2022-09-13,0.01300469970091453,0.005679656163335256,0.010521791698942783,0.00831780379595514,0.01277824579452758
2022-09-14,0.01022445442691723,-0.04606244988479099,0.0028367874341295395,-0.012058425923083161,-0.014553732976491074
2022-09-15,-0.005214260835758293,-0.029298423067508912,-0.0037343710050307313,-0.009959134307253299,-0.006574156565184106
2022-09-16,-0.018550746897431233,-0.03968705452644079,-0.008416118400809598,-0.025090711385898308,-0.03353542799983295
2022-09-19,0.006576920880628119,0.009575945465470886,0.012895781131393662,0.0012995895951555877,-0.01643492412313873
2022-09-20,0.011973826016803142,-0.0012594816479591841,0.0011911806517882614,0.00015983447665827478,0.020472977437424923
2022-09-21,-0.0015465628513158707,-0.008171325646516943,0.014624540254185569,0.0027532113248985037,-0.015315377784055008
2022-09-22,-0.021536163911177703,-0.006775428999029463,0.011953610329871417,-0.009468146049488098,0.010583521099828682
2022-09-23,-0.027183077601313964,-0.0018293065521624943,0.003904747288345511,-0.01892208873225849,-0.021279956203315725
2022-09-26,-0.013575801769582101,0.01078057883567082,-0.04065356169714983,-0.02580659631810503,-0.062413707409065954
2022-09-27,-0.009012614545347266,0.009589758855777487,0.006742160227842033,0.007918533124824568,0.003265204850314802
2022-09-28,-0.017336431019388126,0.0008250240187870519,-0.03001128268675918,-0.02698560163335763,0.0007519669605094876
2022-09-29,-0.005195158582479007,0.002828130892745912,0.02462126250948891,-0.0030702431665902818,0.007861817691359144
2022-09-30,0.027822152669934708,0.010525922588544958,-0.002555504948581421,0.022305669167401166,0.005825097412477103
2022-10-03,-0.005750509387798064,-0.014035460392508607,-0.023759895234920912,-0.003475713424968738,-0.017326763696529406
2022-10-04,0.02777389196566146,0.025256921189358846,0.025714711754104717,0.018274559563650053,0.025449809914743948
2022-10-06,-0.011072868644422005,0.017854147574021074,0.011351832150280983,0.0036812158267857963,0.015085482375247065
2022-10-07,-0.004323864997185311,-0.0027182665930170135,-0.007603463329080143,0.0042229696672133245,-0.004720123891522003
2022-10-10,-0.011104294142065428,0.007859086197078103,-0.01888405963638801,-0.01097527199263874,-0.040099435775675846
2022-10-11,-0.010193033004230617,-0.02692057757021325,-0.00473921874630507,-0.020111276251308496,-0.006588105156764776
2022-10-12,0.0065114403306862235,0.0034356908871769026,0.011578615451697782,0.00733143901724879,0.008102287004610614
2022-10-13,-0.011557429729819583,-0.006178555362719224,-0.004402238512690078,0.0031736628538266204,0.006159288952779257
2022-10-14,0.032058058659977635,0.03756307346819017,0.01044281536217715,-0.005091091974561145,-0.006916093283396018
2022-10-17,0.005233013779682619,0.010592970885945208,0.00045159517863190685,0.015922594916765336,-0.00037849843159956165
2022-10-18,-0.001868343067595442,0.009186176582404965,0.023939651519714802,0.017490224835311947,0.020366746692581594
2022-10-19,0.010198127197095926,-0.012210878414379778,0.017622362320168124,0.017249569807525914,-0.01294678529090917
2022-10-20,-0.0067755826659291795,0.010347208318113789,0.009625913603684927,0.002683152589851678,-0.002383456941218328
2022-10-21,-0.0070653076530112924,-0.00026656160694244017,-0.011793719246181578,-0.011665110084409515,-0.00012566887511303087
2022-10-24,0.015485120733715737,0.011496465084819486,0.0060579250610671796,0.003332373563484277,0.008878873641414238
2022-10-25,-0.006971466346044033,0.005551799894994734,-0.0040344652317017195,-0.015564960058716949,0.0073188703381922605
2022-10-27,0.002409377592608505,0.009328302840357234,-0.0014448189501880132,0.003924204244169965,0.00775623789822476
2022-10-28,0.0029522457006275465,-0.0070460371979671225,0.0,0.03013913312786877,0.005381618734764727
2022-10-31,0.02571696402294948,0.01599554023313751,0.008351187726562325,0.00924002632087266,0.006928829035734794
2022-11-01,0.010997029308126925,0.02272935700209156,0.0022915991395947802,-0.007776409492068287,0.02062181799257028
2022-11-02,0.0006275545720334716,-0.012602728280303907,0.014627900168101596,0.006225894555888484,0.0018967917473434604
2022-11-03,-0.004401260416469931,-0.014624058540907106,-0.0026822025275233014,0.003725027172638097,-0.01407455361042219
2022-11-04,-0.006922692852113491,-0.011002654204389253,-0.00028292104675184355,0.014608095704459992,0.021626240422168413
2022-11-07,0.007751510584377303,-0.0043356270788499456,-0.00028279207300529416,0.00532756345850035,0.02243366957595952
2022-11-09,-0.0002984799086717984,0.0024846100914904,0.02016312676873225,-0.0009979385222466776,-0.0042619633425265745
2022-11-10,0.010814289661328472,-0.006139841797778046,-0.013115856884821309,-0.012170442139597991,-0.04957534142948253
2022-11-11,0.05511757663475245,0.04437503211277079,0.000982581458929425,0.02278984459435946,0.027044768816237262
2022-11-14,0.0024178480807087897,0.009634406292315588,-0.026012229564640298,-0.004856394402473273,0.02379946317509411
2022-11-15,0.0024427598006646653,0.005472954255399335,-0.005632194411331742,-0.00449652421243609,0.00792336968872589
2022-11-16,0.008548893099678313,0.005505607891982056,-0.0033366002038109402,-0.005750297151291606,-0.012892983947377971
2022-11-17,-0.009074133384481571,-0.009654797589273177,-0.0011629093853488205,0.0025811783607597354,-0.01965661688664278
2022-11-18,-0.002629868188370667,0.003772740016027294,-0.0077401388481818725,-0.0005388682635778265,0.001534893149912803
2022-11-21,-0.010307657874784135,-0.015941710283145692,-0.011353013031252841,-0.01816088431724457,-0.006391325656240407
2022-11-22,-0.0014722144052066416,0.010687536711838176,0.009004570077800962,0.005531618558609241,0.00851284502451291
2022-11-23,0.0025985000105286046,-0.0011992864434960217,-0.0013237258845557353,-0.0031236924906073178,-0.0015317116741424563
2022-11-24,0.01612781440238094,0.029040619561161173,0.002791986267681657,0.008586341449142824,-0.0015341353982237247
2022-11-25,-0.004625648981388918,0.0035829927601657534,-0.0013215653030276956,0.014817184332813737,0.022882261116965594
2022-11-28,-0.010814593256261742,-0.007517549928834673,-0.0007348858879001075,0.033786428852416825,0.00011540034206297719
2022-11-29,-0.0015007747598591557,0.0034741451456097904,0.0065950432770574266,0.0017159264780908907,-0.00023088632140167475
2022-11-30,0.006611848130736271,0.003615247351622412,-0.006741954879241608,0.007035864864893114,0.014326022946673601
2022-12-01,0.006846493283463984,0.013456825019223531,-0.001324482332524713,-0.002951573180866991,-0.0026205523907106127
2022-12-02,-0.007686122918918525,-0.011654049304136438,-0.007093248300146989,-0.0004224922626487646,-0.00652449396219628
2022-12-05,0.003633501014981011,0.0011287873216449021,-0.0011872248905692169,-0.014691489056558527,-0.015390995683057114
2022-12-06,-0.001116644053871346,-0.016509894258216303,0.0016320573960081134,0.002885117117377099,-0.0038558212228933498
2022-12-07,-0.0004345162548863753,-0.0045985329065355695,0.008267025667160957,-0.014867172295937148,-0.01652536833418341
2022-12-08,0.005603782212695223,0.009083360445657758,-0.005011098407167926,-0.0004718205425770866,-0.006927090025637912
2022-12-09,0.007106567557498902,-0.03188895157525547,0.008826147129009691,-0.015271273989064499,-0.009392065101836319
2022-12-12,0.007756248622131757,-0.014183008436041084,0.005258428594628944,0.0015319590266485916,0.002054499103085527
2022-12-13,0.002764307504683047,0.015997473110910244,0.006968749311357041,0.004543673633271422,0.010448678852912898
2022-12-14,0.008427508844554319,0.00460080674657202,-0.0005788689268455279,-0.0036256234644663292,-0.001434632192331214
2022-12-15,-0.018488216899658596,-0.02493794475729948,-0.019145584882862644,-0.0143056751875903,-0.0028756792163079376
2022-12-16,0.004799008686240453,-0.01195049930035177,-0.011128629819933707,-0.004957319540918581,0.011690325694024364
2022-12-19,0.003105557321491562,-0.009803291602843166,0.01598617728156072,0.01304978903032749,-0.008575410628252813
2022-12-20,-0.006924636630026532,-3.3198533457865714e-05,-0.0010284518787838386,0.008619110699697678,-0.018105485559139864
2022-12-21,-0.00972016739183285,0.0014915828324720047,-0.014808445243773118,-0.014329154989184146,-0.01943251729916611
2022-12-22,-0.003436885695402965,0.00824636941220013,-0.008088854206909345,-0.002595728790353569,-0.02045099853762134
2022-12-23,-0.00897280634982371,-0.016528244753973693,-0.017447114541881872,-0.02976596076097003,-0.04167273864192798
2022-12-26,0.019708581751231868,0.0035341028208337867,0.023893543460443,0.008694340530966821,0.016903909766539223
2022-12-27,0.0010121738947774903,0.00825250893645613,-0.00434290451602575,0.008148142466839507,0.02400783503430043
2022-12-28,-0.0007974254724401247,-0.003107290421802994,0.0037449995514035428,-9.81846296235263e-05,-0.007256991073746288
2022-12-29,0.007031488973271819,0.0048881729793342705,0.0028367874341295395,-0.00045230164273960953,-0.013896212275859913
2022-12-30,-0.00804439153444658,-0.006180427893189776,-0.011396201658033152,0.001532435517193608,0.005298241813590481
2023-01-02,0.00033780097746638845,0.010421771092347954,0.0039134618318015625,0.011204254411952707,0.01750277250888098
2023-01-03,0.006517692603194758,-0.0009520517924675005,-0.0052715004166432,-0.007344798078133537,-0.0022822958965145494
2023-01-04,-0.01803451156818808,-0.018393985529590106,-0.012460167490473259,-0.01517082985033624,-0.021296416991542375
2023-01-05,-0.006449269443345023,-0.013199040881415639,0.01953254099301165,-0.0017883571971590252,0.0033657216465607497
2023-01-06,-0.0033184209914408937,-0.018264937636732516,0.004787157780976664,0.009047752292643166,-0.012745751993990447
2023-01-09,0.0019424109439128171,0.024515858511457586,0.008913783579501256,0.023337125596086652,0.019314956729174885
2023-01-10,-0.018447804046973677,-0.009952162926264167,-0.013850761017562592,-0.014897904562569978,0.05846993480229321
2023-01-11,0.014307728458838955,0.0010202500576016553,-0.004810796034009797,-0.012685584013208982,0.012754336034152705
2023-01-12,0.005328577679528072,0.006334879990006697,-0.005894377708439772,-0.021830750876806197,-0.014329780149238719
2023-01-13,0.0007813198319233537,0.015448069635354012,-0.0033403533327754763,-0.0016197353180521195,-0.0018209623730668025
2023-01-16,-0.009636123920111293,0.014426802940718917,0.004401126907958974,-0.009568883645395128,0.0036385390215482837
2023-01-17,0.0147770999719019,0.009135408925637845,0.006189224656780252,0.014097547583669854,0.0055535314315240045
2023-01-18,0.01749780401776757,0.0038252258223265474,0.007197372236454045,-0.0016554086343396003,-0.016754061428117473
2023-01-19,0.004144478860312294,-0.004215093215370074,-0.0074985613462291096,-0.0010713687422461877,-0.018909235372990444
2023-01-20,0.010196615033925188,-0.008712828203019335,0.007349168548174663,-0.011964267286650876,0.005970854189833727
2023-01-23,0.007288503128699748,0.01460880323639905,0.009370069166744623,-0.005068835595979691,0.01293838118315663
2023-01-24,0.013299476538117994,0.00251634369142199,0.0035468313986735485,-0.005922169012909788,0.033113622546897925
2023-01-25,-0.028020874787909288,-0.005751557717882332,0.0008847457026017144,-0.013921301106977587,-0.007370437880420009
2023-01-27,-0.02012667114923647,-0.015577673910128383,0.01970110247383883,-0.019153430808934578,0.06143141827575419
2023-01-30,-0.0010216832296076066,0.012851964408446975,-0.0034740089453844714,0.00953787515151604,-0.0043856493453119675
2023-01-31,-0.006619784076748934,-0.0032871253610840118,0.02166040224220891,-0.002503485160133211,0.018867452915008392
2023-02-01,0.01488713887185582,0.011248690519846463,0.02536035724741235,-0.005943907344509732,-0.012128188727656605
2023-02-02,-0.01498066627314061,0.0208309923287543,0.046494976894551086,-0.005550003029763485,-0.004150567346238708
2023-02-03,0.03399941077331122,0.00983305012644448,0.005399936096532177,0.0008807161141636223,0.0014603093353925745
2023-02-06,-0.004259190257569579,-0.01864849786369385,0.007198509276966202,-0.0075640403239882695,-0.007775087979194933
2023-02-07,0.0014820823020626208,-0.004756878216002504,-0.026830215125017983,-0.0024040506663676278,-0.014929918441106794
2023-02-08,-0.00012090878047507271,0.017825364470129026,0.006143206199876687,0.01977383704535026,0.010622003014499145
2023-02-09,-0.002088000403038639,0.016524210037875447,-0.003467728823179654,0.0017416164524118828,-0.007641084775257446
2023-02-10,0.003960562402740483,-0.005239422596183536,-0.007778928789847579,-0.00826812357231372,0.020621692095919547
2023-02-13,0.0007539690783380371,-0.025883119151116404,0.00764534453908396,-0.005708049122843702,-0.010824436376957524
2023-02-14,0.009213604798486912,0.016325733185411327,0.03221221744087105,0.02329163354262758,-0.0011342435240101615
2023-02-15,-0.0020334448296040566,0.00238238473541985,0.005196758769755193,0.02239136174668815,0.008138392220353155
2023-02-16,-0.0036285342663225184,0.0029697880483982903,0.0009153290870435458,-0.0007813971094259323,-0.005757830165796258
2023-02-17,-0.005029918501107351,-0.01130101675788108,0.002219433102048375,0.004168119732995959,-0.0038570544336968683
2023-02-20,-0.009435178888101118,0.005446700077177708,0.0016938626553454096,-0.010629065269061383,0.007022323719477998
2023-02-21,0.003742236704797486,-0.008165374724277207,-0.004697852996947473,0.008126217313412865,-0.014781352160976171
2023-02-22,-0.019812303968590954,-0.011269312289927402,0.004177115712093909,-0.022938994724938457,-0.016283084269117554
2023-02-23,-0.006806715816502204,-0.0071327275860348215,0.00972189145097917,-0.00480348380291075,0.008694222873853822
2023-02-24,-0.00895938531738419,-3.209507156771793e-05,-0.006470779430609597,0.00681923936749736,-0.012660690994694798
2023-02-27,0.0024829157376515614,-0.027028163048699965,-0.007558999579953376,-0.00667162416681225,-0.023176987915862313
2023-02-28,0.00419728310599656,-0.01451550443223796,-0.014494955385675733,-0.019316635984039442,0.006558183342070497
2023-03-01,-0.0009694992418311738,0.005697851274028249,0.0052951906247276324,0.009150439183087994,0.01251933730293099
2023-03-02,-0.008546748902044425,-0.016104481170487454,-0.008352691816000821,-0.00764442803112427,-0.013113842976921681
2023-03-03,0.019654684326955024,0.004845094784098845,0.02472180478986148,0.025195273636331783,0.017797673047252455
2023-03-06,0.007030271658470113,0.018850450152704232,0.008278342521597055,0.00972034153680596,0.027878782991432666
2023-03-08,0.0019950741293061,-0.009832821974950745,0.010889978972630736,0.0035847334184377863,-0.001819500930126944
2023-03-09,9.19672899173165e-05,-0.008274435345752888,-0.01256584074180757,-0.024328240634360423,-0.016293979178356236
2023-03-10,-0.026124805908487883,-0.005995902443105886,0.001289366432097733,-0.015613347482922216,0.008409684776958956
2023-03-13,-0.012732871671830464,-0.025081800950403795,-0.011274695445445494,-0.016583231748630314,-0.03134542617619518
2023-03-14,-0.0026813237197640077,-0.010577568222563945,-0.010349099188933491,-0.0037495636200865633,-0.013706200445471784
2023-03-15,-0.014454902906562957,-0.00024651975338022664,-0.0007903526061958287,-0.017239546311304157,-0.012802164621323678
2023-03-16,0.006464575751976234,-0.011014001596729887,0.005388747400380455,-0.004996721692133218,0.01051942859013804
2023-03-17,0.013282015955745864,0.011753378615777481,-0.015588252134185167,-0.001258680235575105,0.007907075228180628
2023-03-20,-0.0069550637644177505,-0.012073795291925427,0.00861663517739958,-0.00987728047921254,-0.019886243225834533
2023-03-21,0.011269632860424279,-0.009268775213093645,-0.0048957117964222195,0.030622352289960852,0.004372765286005511
2023-03-22,-0.00231348851677492,-0.0010431589200023492,0.002120055911460186,0.0030353638669560487,0.008568213695727987
2023-03-23,-0.00806013711102523,-0.01063758951089503,0.007647611909274403,-0.01273109547341935,0.007303154712360434
2023-03-24,-0.0016007004922710354,0.0044279750253204166,-0.005135899385711192,-0.019995757597330435,-0.006342418338830801
2023-03-27,0.0043478370583048525,0.005993568176230908,0.003953001452051615,0.015425158345757662,-0.010741673433376406
2023-03-28,0.008101193433357436,-0.008205154174827178,-0.0011842031118104778,0.004659633096383573,-0.025688215507411488
2023-03-29,0.004798036982440615,0.004309890224165185,0.007868991914841453,-0.00593393527551508,0.018747574960805233
2023-03-31,0.013605363429355645,0.0315870571010562,0.0019575396481449335,0.04221168339424154,0.027953543590846414
2023-04-03,0.0006210037201911415,-0.012047594005987065,-0.012067320945325758,0.0001715859541804436,0.008165278178603904
2023-04-05,0.026469697743736587,0.00896173301543652,0.01960079325244759,-0.002404771198206064,0.0054066636216345745
2023-04-06,0.007590142588211165,-0.0011600279069046897,0.0024555539491054887,0.006684879307196999,0.025689890553554095
2023-04-10,-0.004752099185757533,0.004000837017946375,0.003093055054152031,-0.007114874790898409,0.05262909906182942
2023-04-11,0.0029200988577123763,-0.015139170835546322,0.018992400702080303,0.0049342799725576375,-0.005652090958968649
2023-04-12,0.012902556045149866,0.0156294049683449,-0.006206068541914723,0.004398917766135524,0.014715715461714664
2023-04-13,0.004470995051068169,-0.027757047769740226,0.005195499361681921,0.0037642031024221587,0.008556166529067223
2023-04-17,-0.015361575764559324,-0.09896613030543808,0.011436025172182089,0.005060431134723894,0.005628391692331204
2023-04-18,-0.00423893202504451,0.000833822676770138,-0.004132135153231567,-0.011512902040196818,0.001798651109171102
2023-04-19,0.0036687968089295347,-0.021794378904018617,0.0006273233294091209,0.004965645390373276,-0.007640167265660987
2023-04-20,0.0037153141622555067,-0.007167215222429064,0.003879483088235906,-0.0025331573936765357,0.0156418423554564
2023-04-21,0.0016135492907872297,0.003223373432120217,0.019665484070133937,0.0012567449264075912,-0.011814395742202027
2023-04-24,0.008058941835891988,-0.0008560152102680034,0.0011014902289494494,0.0038241322320038723,0.008453101128710196
2023-04-25,-0.014318659051374446,-0.0011421246132819684,0.006949248030128952,0.007625473958966235,-0.0034781989165890838
2023-04-26,0.004586316818188032,0.002161102017955743,0.001699525187279157,-0.005888208504426594,0.00977149308806468
2023-04-27,0.005487909569822985,0.0151185888527448,0.009055171585895418,0.00630905331673978,0.0070848166636765355
2023-04-28,0.003918682466724985,0.005202112661662683,0.02269730743804097,0.01811394243906566,0.006931888571094037
2023-05-02,-0.00020754537550540098,0.0195248643249079,-0.002588363481332686,0.008454197744441222,-0.00973898744505107
2023-05-03,0.0034908216754805177,-0.006518521475272971,0.006341081031028746,-0.008619470535105516,0.007158173942523387
2023-05-04,0.020258133164068097,0.003460947189118557,-0.0059876848165510595,0.011462478616401716,-0.006013592119218176
2023-05-05,-0.06094108973686629,-0.011411214637380877,0.009726456898886012,-0.0025563629002350588,-0.007725308211136202
2023-05-08,0.011498206250824178,0.005149157641053464,0.0062776841228050695,0.012272237994501028,0.04788155512999954
2023-05-09,3.0423712934214746e-05,0.004021584157583785,-0.01789013690001861,0.003089959198490566,0.006273956537058027
2023-05-10,0.004610786801344425,-0.00588015483892964,0.0036507641846027783,0.006852704926439337,0.011548317454769846
2023-05-11,0.0006656207307082051,-0.005676093405150277,-0.011705735472913726,-0.006550255550010045,0.004113178766270195
2023-05-12,0.008792610659019534,-0.008715709557793598,0.00011897633673268571,0.0016313450361104868,0.008466804632115252
2023-05-15,0.004785232685408337,0.010505426708771744,0.01733026462607583,0.0019705333895962385,0.02846956958245441
2023-05-16,-0.005750434969740336,0.0047172558399340815,-0.009040331525760016,-0.01434357104520245,-0.01844145546007852
2023-05-17,-0.00538695154992577,-0.01385801665791212,0.008572606120742753,-0.00592684709188582,-0.010900694492363026
2023-05-18,0.003989789023477168,-0.0007222060894341583,-0.018647979379353082,-0.0021545046195062863,-0.01377038500181541
2023-05-19,0.0011542842646160238,0.018212074855652984,0.00035739509671841365,0.003240359875103502,0.03193620302898884
2023-05-22,-0.0035584433394384315,0.01866003080176027,0.011603307261193479,0.005329921561150887,-0.004678162009682815
2023-05-23,-0.0023489033214736045,0.005592284830778371,0.010305656144107191,-0.00018352584720861845,0.011417834970382961
2023-05-24,-0.013157181629014827,-0.0010775078213662898,0.010085318568633053,-0.0058430126819220924,-0.015829444958069594
2023-05-25,-0.0038445243738822973,0.0043795021611414105,0.017493223854848125,-0.00012286621799993786,-0.010337792374008037
2023-05-26,0.003844524373882305,0.009993214616119966,0.005538203150815303,0.02690999013312028,0.006968051595538478
2023-05-29,0.012118284441505865,-0.0023174919139199905,0.01232235815582311,0.005609506544467135,0.005769808161688124
2023-05-30,0.0007640664444070206,0.007163556892406695,0.023992817335496838,-0.00025795462380134214,-0.005094963057355824
2023-05-31,-0.015950519073633283,-0.004200971299908082,-0.009828186108457908,-0.020061441835602895,0.014353045773302733
2023-06-01,-0.004261620744541969,0.000909976241129913,-0.013104495963752131,-0.0026959365413776384,0.016769096970545554
2023-06-02,0.0015575248451609265,-0.0023069660352878084,0.008379685058798603,-0.0032734580054201027,0.001307035970344126
2023-06-05,-0.0013079925183044636,0.0042251405621999616,-0.006221468948789191,0.008940944820234305,0.019129079092083803
2023-06-06,-0.0031214066266351268,-0.019741322057519262,0.004867366625284119,0.0008472402383954129,0.017241779967537178
2023-06-07,0.005176010711897937,0.0077493565285711805,0.0025936206087152944,0.007554105126404667,0.021714930028984527
2023-06-08,0.0006218828521638632,-0.004782763694649042,-0.0023678630333370757,0.0006001981382248533,-0.014632463440756499
2023-06-09,0.0011803942844748714,-0.013222260225781567,-0.010098221997992842,-0.007106111078008798,0.004634509217563634
2023-06-12,-0.006103244535504378,0.020329852769480402,-0.0034270234621854717,0.0008859746708700517,0.0032848408699784714
2023-06-13,0.0016852255085534047,0.009935455605854616,0.019153881396343532,0.01466565928444552,-0.003462566045039033
2023-06-14,-0.0010921007700132861,-0.003416281787519407,-0.0020226291500916324,0.01222236696021011,0.014304801667031599
2023-06-15,-0.012375211557476552,-0.010513257681017114,0.008066403037834154,0.0002743061760403435,-0.0032491401931312894
2023-06-16,0.012999483353505394,0.003761937536954538,0.011096453048246468,0.009688292660136896,0.0023721238649687107
2023-06-19,0.0008729766360547264,0.0018175054433974844,0.0011028795147935905,-0.009982074698609943,-0.006603140069852982
2023-06-20,0.0020862505414976007,0.007238094032712935,-0.0016548149919144836,0.002074730342111367,0.029933582618302482
2023-06-21,0.017329545926051196,-0.0031121054413035644,-0.012890584209295713,0.0028118013811783936,-0.003176991846108145
2023-06-22,0.004879172794868943,-0.013793739495440426,0.0013413174331168925,-0.011294744511129632,-0.020943643640059448
2023-06-23,-6.088950414590681e-05,-0.01299825471420153,-0.006499353061106004,-0.008217354951883757,-0.01718370384531947
2023-06-26,-0.004848915460372765,0.004220376863695478,0.002133736358417401,-0.007664435707867188,0.01454561320283576
2023-06-27,0.013994810546181019,0.006903364642683886,-0.0013471099882954977,0.00036077404936327563,0.009202974390296262
2023-06-28,0.010525597681732108,0.011039957489207879,0.009503134267893976,0.013151863570373805,0.02336821219522833
2023-06-30,0.014951863839121378,0.03207008162823792,0.0049947605096848854,0.008169738986804715,0.015056941942221186
2023-07-03,0.010756724132580015,-0.00134881243838644,0.025470093918041403,0.02534038471318228,-0.008007837768118305
2023-07-04,0.00487227921933203,0.008548521710771037,0.006669385955925272,-0.010356724300881305,0.0010995793296430547
2023-07-05,-0.03228265876815863,0.0015971030691488265,0.01858901715466074,-0.0016430431893808583,-0.005425035608641719
2023-07-06,0.0010153641120652901,-0.0025267974487105096,-0.0025290654860245206,0.02077328425707239,0.02110999096320758
2023-07-07,-0.008754615071383634,-0.010246569554913147,-0.011673547987936586,-0.0019535469805085,0.028550074378758502
2023-07-10,-0.0023817575359896797,-0.0007896205625230881,-0.005459038106925386,0.03779784264133722,0.0007275721799613106
2023-07-11,-0.0048716239466711055,0.014527249769055511,0.01554886318536468,0.010782370994239995,0.01579625563684376
2023-07-12,-0.009416950572022671,-0.011409836760344003,-0.0017980437557607476,0.0011026491205934198,-0.011280390628601011
2023-07-13,0.004978585588471759,0.02357055894376018,-0.0006355447265028916,-0.00898234444416205,-0.0012882973486253184
2023-07-14,0.002069636894857274,0.0436104924259046,0.0019049726178298478,-0.0008389925977790694,0.006824350000505649
2023-07-17,0.020702446841929907,-0.0021060347569885553,-0.001163668478235922,0.02022689246229444,-0.010294484199618096
2023-07-18,-0.0008341686454589987,0.03606142723277633,0.00031743688273515986,0.008456178973396771,-0.010401461538456233
2023-07-19,0.004520294488530761,-0.0001695553233791384,0.013349758402167084,0.00755884377077696,0.013790939997271342
2023-07-20,0.002163697645297361,-0.017405315019145544,0.027396078515952705,-0.001211677196300581,0.0016906926787806991
2023-07-21,-0.007727815547821262,-0.08483744031118426,-0.0034602749177868345,-0.03144531934448026,0.006573652244672362
2023-07-24,0.0015801382827962253,0.003747941651459498,-0.03972235182083469,-0.020433859139115846,0.005577668460987803
2023-07-25,0.01078528849596778,-0.0014974914346373297,-0.019386948824675124,-0.0006433774625798939,0.016079845718220746
2023-07-26,-0.0034836554209002487,0.010620593319082008,0.02129462117891843,0.01612155035795177,0.0025769218045897744
2023-07-27,-0.010434541933439068,0.003182918865278357,-0.015363647685693238,-0.009345922785489468,0.004047355649748741
2023-07-28,-0.017880024866645607,-0.009392616910501665,0.007284427479254896,0.009998828863704842,-0.010023576146944662
2023-07-31,0.004674202848201306,0.011275267838859822,-0.00588772340299767,0.008430149285225286,0.0140672182761033
2023-08-01,0.0066697685992393235,0.0069831350542763964,-0.0019344531231488072,-0.014242379836358756,-0.0010094029135664924
2023-08-02,-0.013170906211845213,-0.006135099552959729,-0.010163291185796165,-0.010741005724292601,-0.03317055313781336
2023-08-03,-0.00724963478132071,0.005475690685603942,-0.00884144387949795,-0.004211874861575513,-0.005960090896818833
2023-08-04,0.014356199879792945,0.010245550257654588,-0.002414914581062702,0.013499518819402166,-0.006402259240098315
2023-08-07,-0.0005750856409741628,0.010572490431003397,-0.00010988266402581832,0.005682142479792961,-0.008983257986939974
2023-08-08,-0.000817930502356941,-0.0020119878489454077,-0.00562142307089834,-0.006040871137432058,-0.0036160007816014436
2023-08-09,0.0003636330106202184,0.003016610110057855,0.013831081626099615,0.006575479896464124,0.02480090750066061
2023-08-10,-0.008915773373885818,-0.003808263523671033,-0.015158295839040235,0.004445231427619879,-0.006930967553175728
2023-08-11,-0.010477391656646486,-0.01249585496410481,-0.006663018958373644,0.004209666271033239,-0.01048751723546019
2023-08-14,-0.0048920606474521094,0.01569434121276453,0.0010022083312939214,0.011747781787277655,-0.00730015392813809
2023-08-16,-0.0029220173827662144,0.017745549426905687,0.0023346926870355506,-0.0008151358729528435,0.01859610068543457
2023-08-17,-0.005556303187822696,-0.004911671928270029,-0.020758069753842576,-0.014531317546855804,-0.008113755035344589
2023-08-18,-0.004109100778337518,-0.016248272639798434,0.0014728175549607462,0.007380066350657494,0.003334586655026438
2023-08-21,-0.0007861697393021565,0.011881918981440889,0.013828973859245013,-0.010971438750812293,0.007603435351494092
2023-08-22,-0.004287249944066574,-0.0011748142526468567,0.014301067747195384,-0.0002381906504319939,-0.00048355075182037507
2023-08-23,0.002461106614198831,0.002987439970247519,-0.008400635724980187,0.0011109406733523528,-0.010210074894684232
2023-08-24,-0.0046115633151366875,0.011054265003763955,0.0009985068195677872,-0.016953721373156386,-0.004816812371607404
2023-08-25,-0.011334864341323999,-0.0024616910422896555,-0.0168860292151498,-0.0046279636875609,-0.009621528560746983
2023-08-28,0.010352885578193275,-0.0031384046501195745,-0.004407971177266703,-0.010016169574661763,-0.004472034680154705
2023-08-29,0.007922998226547923,0.0014118163759986898,-0.0029496407259780554,-0.0096215526027841,0.00785420925329865
2023-08-30,-0.0073211300908422395,0.01226868210762611,0.006116334895358305,-0.0009507739555012838,-0.0026386900107718534
2023-08-31,-0.0046028923087958334,0.0002091235361670392,-0.0070255827352936565,-0.004580220956669999,-0.0075422417687088465
2023-09-01,0.002065985917347811,0.0058347070935674235,0.003065665824228666,0.0023445034843999715,0.016829309811993615
2023-09-04,0.006235790361584134,0.014610403525320769,-0.008081685800552525,-0.0008086663486298281,-0.003605925275412878
2023-09-05,-0.006108775883665274,0.009374990328975612,0.012718802834153706,0.0053371012123807566,0.003524174726335713
2023-09-06,0.0129953962443782,-0.000980977316991053,0.009769365106648827,0.002101924682476435,-0.0014737796292748513
2023-09-07,0.00957488130882906,-0.007643593194396494,-0.0034701566193076584,0.00135785587028264,0.007590967503715222
2023-09-08,0.007760667895498808,0.002316365445054802,-0.007315381523598045,0.006639143241504385,0.01988555207467084
2023-09-11,0.005161014244736156,0.004650230827931518,0.010226631366514664,0.01072571434428471,0.012043577063572642
2023-09-12,0.0031205074947001517,0.016557622847647394,0.008793890736524864,-0.0145521316755187,-0.022379835446908407
2023-09-13,0.00426726978750234,-0.0018336481856366682,0.00519544079674212,0.004989810191621938,0.008181747963992023
2023-09-14,-0.0006085627406341755,0.005723129440646757,-0.007858865877349052,0.0009176348599501507,-0.002079265734536458
2023-09-15,0.011408391674111151,0.003081076961357752,-0.0035622514770392542,0.0018529539129688156,0.01533179507753734
2023-09-18,-0.01987433544069285,-0.013185179491187275,0.008218521698593387,-0.008744926914399624,0.010040184486421482
2023-09-20,-0.040942187661147655,-0.0010395654919316958,0.001989117086961067,-0.02253865813769104,-0.0033617215659296606
2023-09-21,-0.00664094683443895,0.007687079314283235,-0.012105234087963873,-0.0073100088488482606,-0.0180953536818836
2023-09-22,-0.015374881493212655,-0.0037359736484342014,-0.00988107720672674,-0.004173970708057742,-0.010581329475516132
2023-09-25,0.0008821186045531714,-0.014813594658416158,-0.0011291092172336337,-0.006176244535157568,-0.002824394065974041
2023-09-26,0.004334209329584489,-0.009199825773662762,-0.00033888509058804957,0.0008755431878796222,0.0017762701614917873
2023-09-27,-0.007048527722300873,0.004337830148518222,0.015029457916626162,0.011206985364252482,0.0005646348642336326
2023-09-28,-0.002065203521361349,-0.018958395571053242,-0.0188790907165525,-0.01479929714891793,-0.009803707890933822
2023-09-29,0.0017050256899996505,-0.0027826826015938696,0.008247246480006031,0.00465898012678282,0.025879530388266358
2023-10-03,-0.01202914519470947,-0.001010685699259886,-0.01051872124032938,-0.011516037681566794,-0.015592333457084199
2023-10-04,0.014156180599781857,0.007191591316328346,-0.008334819262152461,-0.0017270283522439257,-0.011101750439964747
2023-10-05,0.0040453233237469285,0.013137289134952808,-0.00011463251445600607,-2.1461260956684037e-05,0.009730820443748225
2023-10-06,-0.0011075634502077977,0.01036662176011073,0.013892203199448528,0.0016838957693552123,0.0045893003832345805
2023-10-09,-0.011671167866655643,-0.002200236299454397,-0.003852169424896356,-0.008556879621602242,-0.008227283377397152
2023-10-10,0.005655825726443974,0.013263645527284946,0.008928139242385745,0.004406678337131165,0.021156367762856523
2023-10-11,0.009626614809385599,-0.0005017825503632375,0.008626040093339182,0.01575211664446401,0.005456510666623883
2023-10-12,0.0066354891487860924,-0.01952836250685432,0.005450894090433917,0.0018532219223509087,0.004642194222931856
2023-10-13,-0.009139198367752179,-0.02371814242480963,-0.005227881046894719,-4.2489305374562665e-05,0.04624874193197016
2023-10-16,-0.004012651682820046,0.0020939803443823838,0.0013374308023642234,-0.0022371278585172085,-0.0013499021663541675
2023-10-17,0.007555003030697969,0.005770682894576586,0.009973295716609305,0.004766615856722975,-0.015886613449131923
2023-10-18,-0.014015368231542895,-0.0013179459174509037,-0.003977406014764973,-0.013357059424105706,0.019333028417532684
2023-10-19,-0.003163514565891367,-0.004801398148908446,-0.0027713741912039637,-0.007710434341035911,0.0004486214353479506
2023-10-20,0.005168364451791664,-0.0044741217510311905,-0.027232538811277233,-0.003061648439454371,-0.008408387320413442
2023-10-23,-0.011060412469104094,-0.013117680506438011,-0.005490691627363624,-0.01573808082167686,-0.02418956643795746
2023-10-25,-0.006361249911555626,-0.014924103259665823,-0.007368217800438684,-0.0023224444624763566,-0.014783975797071249
2023-10-26,-0.022366688076174163,-0.00776718614410908,0.003806030538408816,-0.01402644939506579,-0.017874600886537164
2023-10-27,0.003921619853081466,0.015256982659543478,-0.0013822536667142614,0.017497082602388376,0.02287900939556761
2023-10-30,0.010797957772656063,-0.0023935959204554017,-0.007637274477548323,0.020401297606266054,-0.01977151579913137
2023-10-31,-0.005807649859172824,-0.006301231453795474,-0.0047738838009206,-0.010694827260050225,0.00023866139883416807
2023-11-01,-0.0013554519653054872,-0.010468293936190831,-0.0007002794720784421,0.004143645639055294,-0.0015123192351193923
2023-11-02,0.001524840679656571,0.011746222430613589,0.007099164847891441,0.009875338183149122,0.013843595957664637
2023-11-03,0.004728952347461483,0.013699892685766588,0.004858728389670644,-0.0002155648248729894,0.017212857655443357
2023-11-06,0.0072190092393246115,0.010206709130357244,0.004835316915638665,0.008285637898362393,-0.0022419160020480497
2023-11-07,-0.0048630214111448815,0.0007122311847858962,-0.006105549274347785,-0.006519674277529036,-0.0016265697484667513
2023-11-08,0.0028870945192128517,-0.009516097110056639,0.009774141409602637,0.005193474279830027,-0.003805747278608826
2023-11-09,-0.003963262118580188,-0.011714611746167534,-0.005852947878804555,-0.010911625595699779,0.010527264363699248
2023-11-10,0.003929842468241447,-0.004337272620512884,0.00493714225635426,0.0018808672788158628,0.0026147105512945527
2023-11-13,-0.0018118875406743866,0.0034275975417606104,-0.001260705671469412,-0.00012947999602858792,0.003373417999409911
2023-11-15,0.010423780167744614,0.026545719694404064,0.01355443609490099,0.017919249282379146,0.027628511658874203
2023-11-16,0.002621997477339569,0.024095834329027697,-0.0074947969214065185,0.0018018759045973479,0.013092448593250093
2023-11-17,-0.002156963645140349,-0.005099910743113836,0.0013667426250621127,-0.0021838295338623636,0.001688728155034866
2023-11-20,6.64036551389585e-05,-0.0006609896400951125,-0.005593219684315851,-0.0026355934228365512,-0.01069451562607678
2023-11-21,0.00843499896887206,0.0016692837450868957,-0.001259983724191128,0.012499441587642608,0.010914510685550806
2023-11-22,-0.0035637506109176187,0.012980065920917074,0.007877238053376378,0.00390175838583882,-0.000733657962904659
2023-11-23,0.005768342756585375,-0.0058824176138615215,0.0014771687559003593,0.0030520833497362024,-0.001836732859863142
2023-11-24,0.007074067664850464,-0.008210255904041527,-0.005807625131537408,-0.0006681927214821142,-0.009234240692947815
2023-11-28,-0.002254415412459077,0.003680414031982163,-0.005841632449958226,0.0002088839895437106,0.03471749514833702
2023-11-29,0.01975583260864109,0.011646079939926151,0.004470116249840991,0.0026276508612245856,0.021066788029989753
2023-11-30,-0.00022438851362350439,-0.003053500764141547,-0.003207239557852788,-0.009731850338635736,-0.008387555910437324
2023-12-01,-0.002183627840878693,-0.001960348996481045,0.03161964958961191,0.007062508727622798,-0.0013458419970154944
2023-12-04,0.034128725073309565,0.008262874090993738,0.009404221391774256,0.010759235226432486,0.00021254262717095972
2023-12-05,0.008846061193625816,-0.007127418901382493,-0.005078312451551682,0.0072252754757847915,0.0047365211003147474
2023-12-06,0.002521843777662214,0.013899229852701247,0.025137916537935234,0.009533024319830425,0.018863289986013297
2023-12-07,0.001626646524083298,-0.005713915612132773,-0.011179387870206734,-0.0016470478949642312,-0.0006922613973469502
2023-12-08,0.013856771399640333,0.017078302690763825,-0.019730628597321782,-0.0005292949586966765,-0.01030303483149631
2023-12-11,-0.0013316334862504451,-0.0017787686840187228,0.007320384645709727,0.0014648841203938297,0.008708795985574693
2023-12-12,-0.009983070299013144,-0.0083992503873204,0.0014355720704821557,-0.014457398435698293,-0.0075198407846699625
2023-12-13,-0.0022660969130521014,-0.018495929955958272,0.005612066125052965,0.004075734840972489,0.00682582075712759
2023-12-14,0.011734156786550433,0.03555765733137729,0.009718955496774023,0.012331443494718049,-0.0007638312500425363
2023-12-15,0.0038709814802092278,0.04998034457330094,-0.004138208971988253,0.012682336323983192,0.01742294609527705
2023-12-18,-0.0005132845194528861,-0.008941238358600482,-0.014398239961490361,0.010126395984306256,-0.00218703091029438
2023-12-19,-0.0016925175217646228,-0.003874990288074472,0.009804532700329573,0.014609255254054525,-0.002534648458001239
2023-12-20,0.002477348293333742,-0.01415344237168709,-0.011244717096202908,-0.012172643631950478,-0.03305278841672307
2023-12-21,0.017765188399380422,-0.0002604075289047261,0.000997368536491432,0.01391079980149863,0.005091533368510286
2023-12-22,-0.009441453974690523,0.0173614619960334,0.008272216717839885,0.0009750201628785217,0.022113900990801974
2023-12-26,0.006918600093053364,-0.012199011141572074,0.0027423464612260076,0.00505527755443622,-0.007131798424211726
2023-12-27,0.012316561512501194,0.014882635576950708,0.0014230007131334575,0.0034076864289879025,0.029239742448435482
2023-12-28,0.001144104075414717,-0.0028435691102887423,0.015197800491456801,0.007202910694512857,0.017393959111197784
2023-12-29,0.0023429886285107272,-0.012719393453216212,-0.004318645347519493,-0.007937696248074725,0.033970145570897683
2024-01-01,-0.006544777155427968,0.005461720263010552,0.012793815703137692,0.0020482185326106445,0.013562165801907536
2024-01-02,0.000588786085362976,-0.01098615289757471,0.004902042661128105,0.008246924901964043,-0.007872922999146053
2024-01-03,-0.015540052839858692,-0.029363297796677287,0.014563203719199946,-0.010933669892535648,-0.003767917179830631
2024-01-04,0.010672715041277281,0.015120041350433768,-0.0017825834352641439,0.005154497651877976,0.018133870198922007
2024-01-05,-0.005128926915235432,0.013036947160633063,-0.005156004724027241,0.004246407406257107,-0.006050271969715557
2024-01-08,-0.011208757113315558,-0.006382312805351575,-0.017989713594961838,-0.007834287972401772,-0.0023417472291834803
2024-01-09,-0.007815381068917455,0.004259513468556713,-0.002042808696348187,-0.0026510761826796093,0.013468584726812357
2024-01-10,0.003296477275246222,-0.006165723042906887,-0.0026944655945917886,0.026614317805835674,0.010757214393045588
2024-01-11,-0.004205691886550588,-0.017053637851336945,-0.0014039443290249176,0.025960841070860236,0.008866564422038292
2024-01-12,-0.004741427958398496,0.07634990829180631,0.008715710133519954,0.007928652008496408,0.0009803129635532883
2024-01-15,0.019071245813661944,0.024106470989834566,0.0019265853420111984,0.01692712118618791,-0.0049112801813533495
2024-01-16,0.003788830682462219,-0.012516743213645754,0.010001317660758555,-0.014085961658064859,0.007846466146672016
2024-01-17,-0.08813000533243474,0.005287598290339033,-0.012142146541807475,-0.009538961025418485,-0.01637558232898394
2024-01-18,-0.03396886778061683,0.0014623058241718591,-0.0023602479745171334,0.004671266758880081,0.016619849906682336
2024-01-19,-0.01048441366947631,0.010055119539039661,0.01280691124147864,-0.0003655597257306526,0.005479053666027235
2024-01-23,-0.02988486128919182,-0.010329179381616366,-0.02621537355760435,-0.028840813936783682,-0.028450110014795804
2024-01-24,0.019804629004624687,0.020045693162055744,0.00931843324159069,0.011450280580293978,0.012970684862825701
2024-01-25,-0.014529057357091655,-0.0037674249936644187,-0.017297140994727643,0.006822606181177971,0.0011707762682510807
2024-01-29,0.013670214030583447,-0.007517247573393786,-0.012921831851874052,0.06783800130358462,0.03527606250042729
2024-01-30,-0.007140488281285243,-0.003113715256937456,-0.026470071383283496,-0.028313970094040627,0.021002669519800454
2024-01-31,0.012556692049900281,0.005706116831060486,0.00795821356120616,0.013407683301841654,0.02908898744332326
2024-02-01,0.002594687563628131,-0.002320811902630973,0.0030527606767442764,1.7492574532515755e-05,-0.006467380229418044
2024-02-02,-0.013871269013318402,0.02166975044921301,-0.006342092470736681,0.0215307503210081,0.00028454326431324485
2024-02-05,-0.0008994875979285579,-0.0036383805596717682,-0.004668881767213828,-0.012893991949839334,0.05323730880521309
2024-02-06,-0.0005192117506329164,0.02473307723804476,-0.01529728450038361,-0.007830959588981404,0.013663216747880312
2024-02-07,-0.009846782941115911,-0.020858405727166015,0.0009268156943283338,0.010000303309623794,-0.006138722525965098
2024-02-08,-0.018991051395387003,-0.0009746199003017427,-0.025623136943201768,0.005514640396177434,-0.010225531296959524
2024-02-09,0.0003919020763737144,-0.013536018931637942,0.0022890202212184005,0.007300253869181053,-0.010112660453986642
2024-02-12,-0.009736521007716648,0.0064190035274828815,-0.021038001847501677,-0.005767080374511493,-0.0037227464146679084
2024-02-13,0.0031962022606840832,0.0026451263286244374,-0.0002458573352892952,0.008740527949917008,-0.005169083023298695
2024-02-14,-0.007485917086826506,-0.010952934944010206,0.011731878702561191,0.011047281458552745,0.012491956089883684
2024-02-15,0.021443882466709436,0.006073209794159298,-0.018763303671167107,-0.007300311189953488,0.002447113786289944
2024-02-16,0.004128508755432188,0.014979571684558692,0.0017317710693066004,-0.006840351858449994,0.01941810542782179
2024-02-19,-0.001973867995963605,-0.0011170597398187632,0.011426999195108707,0.009149671810193955,-0.0064130606541459335
2024-02-20,0.02591212404612649,-0.008567370962311091,-0.007726634336215271,-0.002020289657282546,-0.006724233554379191
2024-02-21,-0.010472072198642806,-0.017780587498467785,-0.006794641170073498,-0.00226290056113569,-0.00573779029639254
2024-02-22,-0.013712670707947435,0.015463724551683381,0.027147563514335123,0.009527259641250748,0.012140322176766229
2024-02-23,0.0007392783768137848,-0.0026800270600986264,-0.007386350598249973,0.007982241566336153,0.00545543616550301
2024-02-26,0.001195961425692247,-0.010009073334961035,-0.005361966481277452,-0.004226959427645675,-0.000480086259474753
2024-02-27,-0.0015127922157506751,0.002076047040373969,0.004754010930156526,-0.0011267262210765143,0.02711193229232005
2024-02-28,-0.007598299885336208,0.004587761279800817,-0.006955914781080904,-0.020417111079371403,-0.004841948015707667
2024-02-29,-0.004266242244429061,0.0015844948876815373,-0.004910432822475895,0.0035490000809465243,-0.008227429305268387
2024-03-01,0.019300852507311176,-0.011536572628416402,0.007845143005282256,0.02121698926059812,0.028223461732992908
2024-03-04,0.0013619013229464782,-0.010632223476321792,-0.0009772515592663174,0.010185052877913468,0.009976648029472693
2024-03-05,0.00567247799872457,-0.018929487878760642,-0.007237027058233392,-0.004787913526466285,0.034546251023705565
2024-03-06,0.001213893497988917,0.006854876403032154,0.004176752762110291,0.0018647370079962877,-0.004167583317100006
2024-03-07,0.0024231989930421443,-0.0006805006443593974,0.013879055493145758,-0.01614760581591752,0.021051341738058352
2024-03-11,-0.012735441858089296,-0.009853735787210608,-0.010085710240073775,-0.008368816166088514,-0.010932202647683506
2024-03-12,0.021993470101076915,0.007686189465193911,-0.012164542406125854,0.00599937383242669,-0.011249875792335344
2024-03-13,0.0005820704652954376,-0.0009614023722721709,0.043543050151324494,-0.02975179291567604,-0.04353098081319647
2024-03-14,-0.003395292083176671,0.025669930991167843,-0.006650216097610654,-0.0004888803968584698,-0.005615820307704692
2024-03-15,-0.0019256092214334098,-0.011742363578234376,-0.001311418760818644,-0.00929932281654955,-0.02288978031823905
2024-03-18,-0.004553667429454477,-0.019372323974916388,-0.003944858546371959,0.014872310668829271,0.0277346931749133
2024-03-19,0.0022793377389386635,-0.02604376399047921,-0.01910572303910685,-0.009931169831667868,-0.01523194292420362
2024-03-20,-0.012706702335079706,-0.004171457728607746,0.014904928933313183,0.012896643678893618,-0.018228230960349718
2024-03-21,0.010219725880058879,-0.0001608476949597158,0.01326266790468337,0.004991853232610577,0.02566593763685265
2024-03-22,-0.0020078980984707755,-0.02993469290244238,0.017297517242437752,0.002787400362141478,0.015323981912211116
2024-03-26,-0.012167677227553709,-0.010794762755560289,-0.002218897555102998,-0.009286943603182746,0.006510767888499351
2024-03-27,0.010676535642805535,-0.005913030584097582,0.0008179667627182578,0.03495088672489421,-0.007685147193978874
2024-03-28,0.004985064737300623,0.009524306705980739,0.0008174617471959366,-0.004700069243502418,0.014355187188349544
2024-04-01,0.015488236261430073,-0.0017371740901132087,-0.003859342592231925,-0.0007237146095708152,-0.0005541195810490643
2024-04-02,0.006541061081687761,-0.008461257184767684,-0.001994148673539715,0.0014636890313953071,0.012419385293367783
2024-04-03,0.0014514274068704856,-0.0014847829931206903,-0.0015275038163090017,-0.010376727142757615,0.004469229966553413
2024-04-04,0.030102966301757454,0.00407770432218734,-0.005778520456009794,-0.005912403786125151,0.0024246994590027588
2024-04-05,0.014266733690493711,-0.0051251451028866786,0.011290189090145493,-0.0019329597101731177,-0.004458258361608389
2024-04-08,-0.001905579864090366,-0.0016239015145369671,0.003618713267230407,0.017566173225891647,0.006038815857253724
2024-04-09,0.001260032918006811,0.012216046772932133,-0.006429435553830381,-0.015137705769930891,-0.004649662763648427
2024-04-10,-0.007909512019926577,0.007962336655632007,0.024558143021638206,0.01082155768966352,0.004945619985260431
2024-04-12,-0.011390273709138077,-0.014741818686122425,-0.01580094210490136,-0.008433160332425606,0.00492121982905159
2024-04-15,-0.016093793923482317,-0.011243206007826058,-0.009813220767127977,-0.0015860082704179151,-0.01953162890110079
2024-04-16,0.009687408404858214,-0.037262391815320664,0.0,0.0006313337514162649,-0.006025300783082839
2024-04-18,-0.009687408404858235,0.0033877484205813093,-0.016691777322495,-0.0009727133814029409,-0.02184237535908853
2024-04-19,0.0241916268551896,-0.005652702811423087,0.013988055800528061,0.003953176208347825,-0.008425831157603356
2024-04-22,-0.012551610765343507,0.015119786229975361,0.001294067877977548,0.006593139071554055,0.01068813105684274
2024-04-23,-0.003046480782671206,0.006712850147909865,0.009128162204724705,-0.013966705955295153,0.013467553434802212
2024-04-24,0.002715871453011321,-0.008109690175325443,-0.0006992408253670606,-0.006289791451203618,0.004953592315221739
2024-04-25,-0.0006286362217959821,0.005367319369218705,0.019967310590658323,0.0067351585364248895,0.009634212321955922
2024-04-26,-0.0006290316538912951,-0.005716788150601404,0.005583608190703522,-0.005098609108865927,-0.0017493921687064126
2024-04-29,0.012963676362259122,0.003141292720247873,-0.004099346792383691,0.008551548422055551,0.0010999626492276266
2024-04-30,-0.006164783984475137,-0.00994642275421171,-0.005836158325420751,0.0013472412354110972,0.007269174844353954
2024-05-02,0.007961198135709342,-0.004303392996371394,0.007660174057529351,-0.00030675554788367926,0.019551630113304987
2024-05-03,-0.008290088985120007,0.0013071517426562946,-0.005825571980930122,-0.022445018701227115,-0.014109549784383696
2024-05-06,0.002005047650872701,0.006755438437985421,-0.003902681391984134,-0.010145410734545121,0.002759081346060618
2024-05-07,-0.010895595780171024,0.01049917557849155,0.012798760592278422,-0.012797081464717926,-0.027586254572468986
2024-05-08,-0.01572562606513092,-0.009517913718555593,0.0014749895204799889,0.012110085549008526,0.02354347972332957
2024-05-09,-0.02399310759152375,0.008545859620313172,-0.03672044215557837,-0.017368382840231966,0.017822675206643834
2024-05-10,0.006908830655801013,-0.010228838559833763,0.019221181441036267,0.00949487201631709,0.01574462136872801
2024-05-13,0.011993995318030914,-0.0010181837392925497,-0.0034672742251163646,-0.0033629324551345536,-0.08667716564604142
2024-05-14,0.003909197713869993,0.0008777998104001056,-0.004991101414798633,0.012310738244713446,0.005092594403372203
2024-05-15,-0.015485982309908436,-0.0033396904736085376,-0.004431413264501504,-0.002679443079163828,-0.018149532657429194
2024-05-16,0.015006715621806421,0.023249668313235786,0.008495701079662129,0.006387162844954332,-0.011573027836156425
2024-05-17,0.0026330429222961955,-0.00624636948210355,0.011178648537760998,0.007235145384161105,0.009882556049806956
2024-05-21,-0.0036264916629177176,-0.007052600371654127,-0.0034441116605560445,0.0002960552021320416,0.0059040924703388006
2024-05-22,0.00027411775201317227,0.014296307787721776,0.011661393470374398,0.01693303924451287,-0.00400253721920867
2024-05-23,0.022631200755166003,0.012025164070116976,0.003290712586165827,0.017240012894350284,0.015551226732588594
2024-05-24,0.01634701418957186,-0.004970335153200052,-0.011737334860935504,-0.003910646638767659,-0.001872054959017436
2024-05-27,0.006896806946004029,0.004257026508534106,-0.010833328229473199,-0.00950283571201057,-0.0021365588636296008
2024-05-28,0.0018311872068769535,-0.0029267725996549353,-0.005810553949288645,-0.006877852229043061,-0.011489881960896137
2024-05-29,-0.014611335797717083,-0.01103520898519091,0.0045351728949348516,-0.010649146034666688,-0.004177380210125132
2024-05-30,0.00433326865692485,-0.016328775146512906,-0.016612448347975164,-0.011114607893604155,-0.02104430911211109
2024-05-31,0.010963898756959441,0.00530945197105999,0.006115421960137103,0.0038875933262184697,-0.0010287241202340928
2024-06-03,0.02619555522752645,-0.0007110974011340787,0.009103659020979371,0.05437073993749036,0.02930636060403064
2024-06-04,-0.058307656379466166,-0.008751461574838179,-0.01757384082305178,-0.07780090202623234,-0.050216869936874346
2024-06-05,0.04524739070152229,0.02581808300064783,0.03572244716214038,0.016661010905605133,0.028412071544847487
2024-06-06,0.005077804514498119,0.02904757996172956,0.01178243662558532,0.0076077027784379305,0.00888555199968129
2024-06-07,0.008713579182407028,0.04082597799726529,0.008575968414833497,0.026435623096488312,0.03379497277313003
2024-06-10,-0.007688103800781738,-0.02231939356811564,-0.0051367975805508915,0.0009860375441066564,0.00477998189148652
2024-06-11,0.0022391057570311313,-0.0026707342094525717,-0.008966660575078118,-0.01005789928998676,0.01835195903551661
2024-06-12,0.005957418803319592,-0.007078358139857325,-0.0016178173855143322,0.004554745215306772,0.0016195908584386422
2024-06-13,0.00418396107709856,0.005874274954004854,-0.004637129499275393,0.0013147427496194668,-0.0028867691361175334
2024-06-14,0.01016487376885695,-0.0033860569379394728,0.0019732724587669796,0.008359436618320157,0.007629269969159417
2024-06-18,0.006802575659796252,0.006226791619489341,-0.005581968553514343,0.002349105096004218,-0.007578461335899149
2024-06-19,0.030654689800098417,0.008738877765819006,-0.011966363322693333,-0.015223070988796718,-0.008710202875944147
2024-06-20,0.006912805939832093,0.002676111621550739,-0.0008265155477490316,0.01026484964050038,0.0009205211824099416
2024-06-21,-0.00215882250674765,0.01135148507953955,-0.00877927834191527,-0.013320361543512403,-0.016958804794957
2024-06-24,0.003984193449715935,-0.0036275635503558914,0.008779278341915216,-0.008789019623403664,-0.003906489619970913
2024-06-25,0.02302283695900594,0.00964452473510009,0.0,0.008754696982419286,-0.0031886536015512438
2024-06-26,-0.005772267365485255,-0.000811040439257179,0.0015343446176031674,0.040350091704236805,-0.0033039021943037563
2024-06-27,-0.0031493034492545363,0.02097035614071385,0.0038844525631896334,0.010855500436145932,0.021051253174374486
2024-06-28,-0.007307775248309864,-0.004203680679161775,-0.0016460507099788717,0.02251428108287041,0.01799372489710931
2024-07-01,0.012629153304580289,0.015233634459475945,0.009719705036276062,-0.00335944856012136,0.012350763236159738
2024-07-02,0.014785806888345571,0.01883706052432041,-0.008308627061491278,0.003215723729231037,-0.020924967508925828
2024-07-03,0.021748406423846456,0.0039094756592906645,0.00655893755129683,-0.008179458185013592,-0.005774281988210171
2024-07-04,-0.023743868613118297,0.014185453210614452,0.0017496895101943963,0.0010301132225833216,0.022849735924110753
2024-07-05,-0.04684967278336652,-0.0019405082712780938,0.010664227245975034,0.022020537052408206,-0.00456858475976449
2024-07-08,-0.0077662406519251725,0.008582553190952419,0.022685398139253393,0.007697138851373114,0.008966829985978527
2024-07-09,0.0007030491209661517,-0.0027119448594537447,0.020085459980212727,-0.006659101311944593,0.012242722126007627
2024-07-10,-0.00637523839606407,-0.005385069035065802,-0.002543997469370017,-0.0038116250562517094,-0.009354418019773188
2024-07-11,-0.0025862706259277843,0.002696237961462867,0.015822811708054323,-0.0022591398968626053,0.015101668394060668
2024-07-12,0.0004931278689920572,0.03510582398126729,0.0008716804830006396,0.010118557156193225,-0.0039753496675966294
2024-07-15,-0.0003698424855045009,-0.002749387716305799,0.009431378535749923,0.00031307692869888165,0.007544537419812104
2024-07-16,-0.0014498358342622721,0.011068809726883509,0.004628920380603921,-0.013219156641213883,-0.0032263624801610663
2024-07-18,-0.00306058020348947,0.018369718110774296,0.01004496254824262,0.0065920238061454505,0.003324088058273039
2024-07-19,-0.004655413758284599,0.019656963839839923,0.00910257710208774,-0.020068581576210096,-0.034303865766586596
2024-07-22,0.02169415212483127,0.009934122739880117,-0.017001782719510476,-0.035657013258618094,0.013195410647854238
2024-07-23,-0.014811876795478839,0.01428298235356727,0.05351981177221483,-0.008549292883340904,-0.0013467023158113946
2024-07-24,-0.00890630613993786,-0.0016073307974303062,0.0037516617403064783,0.005228576090308873,0.025524859917617295
2024-07-25,0.007793417421353553,-0.004974249585929195,-0.008333327976679917,-0.0022088053553300227,0.05972551602974624
2024-07-26,0.0009583884071001434,0.029188729288676066,0.02469508776469393,0.011078250594870767,0.024760946405854682
2024-07-29,-0.008128675053590044,-0.004160037017327154,-0.01232163874998134,0.007312346958117198,0.005084024510028628
2024-07-30,0.0065206264539644015,0.003228246596861182,-0.01247549794536844,-0.004582551847638634,0.03311983054249251
2024-07-31,0.0001236920915431507,-0.004752580700983661,0.011063249049583264,-0.005118390371073494,-0.004485688264364978
2024-08-01,0.014165098581546496,-0.008412097702087796,-0.0033365710626418396,0.006538264247145683,-0.010647307633997455
2024-08-02,0.012341105516932217,-0.017094556636105398,-0.00936094907449321,-0.010598527349242335,-0.042620429457204866
2024-08-05,-0.02650620409847862,-0.03879451827961712,-0.006358369393778494,-0.03529797056185053,-0.07594394627615961
2024-08-06,-0.009045937263365224,-0.00045680608671935856,0.000617118824503647,0.006010389633283543,-0.002659846238823869
2024-08-07,0.013831075848869749,0.022892874074412182,0.012973154161894292,0.006008385564918799,0.011329018202916858
2024-08-08,0.011756859796963346,-0.027443244309324363,0.004253637257982274,-0.0107757802131281,0.015916625937198222
2024-08-09,0.0045552423288821925,0.01570936246027287,0.0023217465096008407,0.017223440418374134,0.024979337171105787
2024-08-12,0.005981406518594093,0.014938011253025492,-0.002624953604662071,-0.009318894603727389,0.007508542644662683
2024-08-13,-0.03487618084565813,2.7744141219421134e-05,-0.009344045393818426,0.0020517949413219063,-0.021319324683461885
2024-08-14,0.0028651772722852803,0.014251741207275482,0.004479697892859187,-0.0012135172496896762,0.008412875623171624
2024-08-16,0.015000662474181525,0.019391071286930787,0.02100914863893344,0.011122270623221289,0.03332568293678015
2024-08-19,-0.00033695498601786706,0.003142072436805137,-0.002390230886401192,0.010264873106945148,-0.009743743365145073
2024-08-20,0.003762250115014318,0.003960302674160543,-0.005298641509685394,0.0050597356814136235,-0.0007357359866428173
2024-08-21,-0.007292760892579147,0.00026701851311306966,0.013144972200422479,0.001820004469997808,-0.0015652957962695882
2024-08-22,0.0033773329049538226,0.004023613075411607,-0.0016832643279166958,-0.0003671384809840563,-0.015555297265122434
2024-08-23,-0.00383871759565452,-0.009699937782882655,0.0024743453930890047,0.0012341610332094125,0.01550919512393303
2024-08-26,0.009127059041786421,0.007517088627554177,-0.00019771160441149329,0.00838154383018779,0.0066589691376849214
2024-08-27,-0.0013423496538357367,0.012684585128551874,-0.010136303820924904,-0.008064912457039093,-0.013965671609208717
2024-08-28,-0.00039701822861251635,0.020317448539401553,-0.006613840431186708,-0.0014339311131837385,-0.002509478200805567
2024-08-29,0.0008853748186200027,-0.002969639259671959,0.015562984957872316,0.014987563453023699,0.042898758237491244
2024-08-30,-0.001007453698399349,0.005339097634636727,-0.006355611699764148,-0.007457425267049782,-0.009225316664444783
2024-09-02,-0.006097204870766882,0.010644399699750314,0.016107767488607403,0.004378879439910537,-0.016969445471178558
2024-09-03,0.00637199581493481,-0.011905623731429478,-0.0012750364022567483,-0.0047101480913315985,-0.006933805290956008
2024-09-04,0.0027141960884591197,-0.009731738012243701,-0.006005464934851972,0.0035883451007041557,-0.004294601256285259
2024-09-05,0.002220700940439277,0.005550348895385489,0.009532815435465915,-0.014347580922800073,-0.01051363389638811
2024-09-06,-0.00517926289320958,-0.016323684243138865,-0.018758617452621078,-0.01903504597209021,-0.018693033428387677
2024-09-09,0.005817198049700444,-0.0037928788949457564,0.01983392703544636,-0.0016227190230995291,-0.010201061542442814
2024-09-10,0.0023354675397160092,0.009272459957613471,0.0036085306143840766,-0.0006326397330369852,-0.002795796209098106
2024-09-11,-0.003915882771535491,-0.0011248173205108862,0.0014591079138525957,-0.006882936893484744,-0.059159429520974166
2024-09-12,0.013714149928650412,0.02087826179701914,0.009962975083569707,0.019309470427983578,0.010038537096285763
2024-09-13,-0.000390144232642579,-0.003260964987919269,-0.010935410182241062,-0.004860392211809669,0.00601539752451214
2024-09-16,0.002996857305225748,0.003158490235887348,-0.005366135903744933,-0.0008662284875357988,-0.003736336908846572
2024-09-17,-0.0012875097197936837,0.0011785244800481768,-0.006576121480742357,0.0006455603438079229,-0.013701298721250274
2024-09-18,0.015459922837628119,-0.03142241142474293,-0.000788177300608462,-0.0060291870804983,-0.013319832647648288
2024-09-19,0.008051056989999842,0.0010827911604219245,0.0017724923061663749,0.004244661337101431,0.005132076283824985
2024-09-20,0.018958706199615753,0.0060791295938092465,0.012027642528182227,0.010996167032775136,0.003973470785454107
2024-09-23,0.010625635607197651,-0.004891979831737305,0.004944954980613336,0.005001196912389834,0.00097803556093584
2024-09-24,0.004677170519592464,0.0011330069437117383,-0.0032938292290765952,-0.0026821365073716346,0.005643658228381885
2024-09-25,0.006230291286201133,-0.0017395612765754977,0.004453857694431738,0.0030670081470458316,-0.014117431240564002
2024-09-26,0.0024420807261293954,0.002608345133377035,0.009997191427537026,0.002673933946201842,0.03020550848073079
2024-09-27,-0.017420827774180657,0.0034147569066315412,-9.564555527466725e-05,0.018667139228251462,-0.00015100825855113843
2024-09-30,-0.01182314387086693,-0.016471669628609815,-0.008742927875694308,-0.03303944965986988,-0.018652283099239022
2024-10-01,-0.0033832364932909397,0.015212107744856516,-0.003770477032581524,-0.00798944777885037,-0.009743096504730868
2024-10-03,-0.025938924116040256,-0.005766548751724595,-0.006705864947176927,-0.0402937211278013,-0.041785105802300535
2024-10-04,-0.014582654285036767,0.012987086670930395,-0.01810540651272482,-0.014641389428729272,0.005440438563607532
2024-10-07,-0.024333675252326173,0.008384304756089332,0.013119778576471392,-0.011460785062699005,-0.003120630836698034
2024-10-08,0.02034427606111851,0.007340024745153509,-0.004419733246414877,0.019237742003769924,-0.008713822840734346
2024-10-09,-0.010900849828874213,0.0021531043256585443,-0.03251425888335287,-0.0164147779436737,0.020819031190659205
2024-10-10,0.017751625454904604,-0.017434483175420862,0.000711580479284629,-0.002585945655302342,-0.011404839067606864
2024-10-11,-0.006881093219583502,0.008354837342244712,-0.007855232978445119,0.0007655475277246413,0.002366575641300637
2024-10-14,0.022222479661745696,0.012224100705456856,0.017764279410803253,0.00030971502338509834,-0.0026358852522334318
2024-10-15,-0.0023723435604314667,0.00020423299296891097,0.003214507692972014,-0.020983264940504304,-0.01186658364848864
2024-10-16,0.009279269620341132,-0.02021007672336941,-0.0107891523226704,0.0074496581795144715,-0.010796015584891412
2024-10-17,-0.015802485539425426,0.024691296195138445,-0.008756858105322271,0.0017340550383860868,-0.017620973883885765
2024-10-18,0.005186243844279787,-0.04600962804764493,-0.004510073771125005,0.002117267632487116,0.020591935840673068
2024-10-21,0.027475271853412864,-0.014387912358238063,-0.0062863043331661105,0.007256729281289826,-0.007554749313498175
2024-10-22,-0.008219026011030783,-0.0006209354294164339,-0.003832488745446199,-0.01906003566567306,-0.02670119942603722
2024-10-23,0.01231783590853166,0.01170489240980979,-0.0030140065945282336,-0.00359823495706466,-0.0021055576131796586
2024-10-24,0.007947392230486,-0.005378998684367866,-0.018171850145061893,0.0009521453915953883,0.00267394710227028
2024-10-25,-0.0035785216082006624,-0.0006978819809997884,0.02222316001552141,-0.008959419821584842,-0.018001987681924347
2024-10-28,-0.005291134931548436,0.001770666064192805,0.003828451927757201,0.0048831810860980335,0.016239111360720846
2024-10-29,0.010126209211190737,-0.0027418179497317656,0.007818156272818396,0.0042253775281552095,-0.04148865962812281
2024-10-30,-0.009895545254376937,-0.020432571523284995,0.007350673088524316,0.002906289061235514,-0.0030303759839831468
2024-10-31,0.0006339248727938939,-0.025202494737076427,-0.005610194059792254,-0.00885672154793472,-0.007346624536669123
2024-11-01,0.0009214676415547327,0.0020465734750603664,0.0030639559478401242,0.0049425089314794795,0.01120730779822588
2024-11-04,-0.013444117926866709,0.0015888482337182079,-0.011693556293784567,-0.027644909035671465,-0.023208825515528612
2024-11-05,0.025203339586590403,-0.0053726392765373245,-0.009121166441983864,0.0024161681886392837,0.013918022383963629
2024-11-06,-0.0014801590860577785,0.038854474052713875,0.001872398818944044,0.015243555765416613,0.0048347979621903925
2024-11-07,-0.004968900785200324,-0.011387567213676009,-0.006673510899618277,-0.014975515508730249,-0.024045248269413833
2024-11-08,0.00451302058757836,0.01480887547698859,0.0003137289233044457,-0.016915449223281573,-0.017598297357276457
2024-11-11,0.00673160597599576,0.016341583422858887,-0.0023036405892317632,-0.00864499404417909,-0.000931588888909435
2024-11-12,-0.02760984160125995,0.004666357809216375,-0.008633394265588127,0.0012172502961715537,-0.024976903413688474
2024-11-13,-0.021680110293077856,-0.00021411885808574727,-0.0013756331470709236,-0.017575533720394963,0.001782193843294985
2024-11-14,0.00675737583329886,-0.002062725193864705,-0.013324339038604926,0.012343148105486947,-0.015315431820425253
2024-11-18,0.00726927758357515,-0.028892177300028597,0.0012869163260633763,-0.005418592014476392,-0.003104334503425162
2024-11-19,0.021553590383233845,0.007315400726596499,0.0017131936156321364,-0.015265688715444268,0.01453309773724673
2024-11-21,-0.0006027930120765296,0.005083754445530059,-0.022066816592024197,-0.015134315568369864,-0.012010117433374998
2024-11-22,0.002523845703061571,0.036510697711812326,0.03756609395247077,0.034081534190569675,0.02191996276464221
2024-11-25,0.022656053361965297,-0.006619414892212538,0.004519382326363472,0.016925537796608565,0.0070546349900527374
2024-11-26,-2.7962613353872328e-05,0.018066377839837642,0.00041941641168916506,0.006737144270738832,-0.0172199438477213
2024-11-27,0.014870364949806954,0.0001818284763283083,-0.0001048195889306935,-0.0019312610815885737,0.0012126136102618167
2024-11-28,-0.010622963810080975,-0.035892468655527844,-0.004307380224660945,-0.01747307971341869,-0.0057567706003186355
2024-11-29,0.0016160583335758463,0.0006461439343406233,0.0038879919629136936,0.016699491620670012,0.00894061786358484
2024-12-02,0.0048044799555938865,0.011745504553320504,0.0009434484259867801,0.013031924604047547,0.004567127145084956
2024-12-03,0.011897708908940595,0.006521904631807823,-0.009792132495691374,0.01075060852487341,0.014076715741668836
2024-12-04,0.018338132864513076,-0.0015073433279158117,-0.0116002925738833,-0.0109034501495981,-0.016548055642295053
2024-12-05,0.0030329019439658627,0.023849813273748747,0.000856065464095897,0.009958332744087922,0.005630643428383439
2024-12-06,-0.005320356128989224,-0.006455422279684752,0.00777717997399196,-0.007973868568466288,0.030138652449050046
2024-12-09,0.007595619103674054,0.0006500840276895666,-0.01324669611760612,-0.01258317186178298,-0.022346186284206794
2024-12-10,-0.0010165358001743199,0.01286112928259922,0.001074875421425799,-0.00798461921463146,0.0014386912358193167
2024-12-11,-0.002680092183691009,0.013052360351775264,-0.00042982631710841474,-0.0051891066468175385,-0.0010006601899889213
2024-12-12,-0.0020685687813179147,0.006487982625395435,-0.010044912267587532,-0.012042130439526576,-0.01608416311344925
2024-12-13,0.006700677820271815,0.006371228550665496,0.020202699852177115,0.007847768022022271,0.005010695135994948
2024-12-16,-0.003505630383020564,-0.009875054710837383,0.0002127276854449945,-0.003581014874702006,-0.006983727791979065
2024-12-17,-0.017277869309359768,-0.0017439250772271423,-0.001170635904545486,-0.018300879294755525,-0.006455553747123061
2024-12-18,-0.01237687941093236,0.001289365846229536,0.0020212405694515303,0.0063636346329751835,-0.03132879236578585
2024-12-19,-0.009544544152468977,-0.016788788899313147,-0.008430803579605406,-0.018360280346918553,-0.015536355057489896
2024-12-20,-0.012342287837690173,-0.012434369369147276,-0.004080756918175051,-0.02065127712316786,-0.02724771727679484
2024-12-23,0.016515456781537985,0.0011179668364176614,0.02045020839972707,0.014005767112688049,-0.002558360941456177
2024-12-24,-0.0016116131301251585,-0.00795652453626934,0.008817032337484048,0.0003681070301414572,0.019063903602789988
2024-12-26,-0.004095984128410219,-0.000864731315480542,-0.0031400336938355914,-0.0050834835335586675,0.006364683323009119
2024-12-27,0.004179424037683392,0.004889996130769045,0.003453545745976531,0.00369222385860747,0.013008992213842286
2024-12-30,-0.011381030369917696,-0.005624235202233897,-0.00334872615704584,-0.008512616737381793,-0.022707562523530116
2024-12-31,-0.0028444894075698216,-0.013735089235976545,0.013845069185806207,0.003915690934057071,0.008820834942880927
2025-01-01,0.005568677609534686,0.0013289032151337125,0.0006200453519735274,0.00476056751022377,0.012219730050463888
2025-01-02,0.006151242369997689,0.03924624643845872,0.010483144671951982,0.016687093489283423,0.020868492036661898
2025-01-03,-0.025149818673300017,-0.009803439244976085,-0.015350773030102367,0.007501149760270407,0.0325979543317418
2025-01-06,-0.022372825776775702,-0.0004643771785299977,-0.046544736710753785,-0.02685289284155837,-0.018064491222693903
2025-01-07,0.0016940055157670562,-0.003618788892160204,-0.0035077547541656324,0.018586309457331328,0.021663738573378014
2025-01-08,-0.01121005246936604,0.0011905156142730602,0.018975445156185863,0.0196707862323746,0.002140853678143007
2025-01-09,-0.015764225656164723,-0.008232859570594515,0.0012227568828657794,-0.008530951799065154,-0.01885712170748917
2025-01-10,-0.006647603813005651,0.02556614741754772,-0.011620292090304265,-0.010293894228590426,-0.007010780869607085
2025-01-13,-0.01575642170828724,-0.002417825746853843,-0.013236180094403716,-0.001652078973424508,-0.031005675177378712
2025-01-14,0.009611129426136497,-0.011352461857219085,-0.00559590772097213,-0.0008875933343009875,0.025634045206290756
2025-01-15,-0.002158293609656037,0.004936067857297118,0.0017164491917324965,0.010799097748975453,-0.008995662636536287
2025-01-16,0.005462736656141009,-0.010933318828609115,-0.010342556283703945,0.011315755804553483,0.013979882392748494
2025-01-17,-0.009304378385043211,-0.0603832406325598,0.016837994422569183,0.02795263703034306,0.006949409426811612
2025-01-20,0.008819937295087222,-0.0011848956821587091,-0.005695541560599677,0.002377506208865318,-0.006949409426811537
2025-01-21,-0.005373956318286544,-0.006972993287270814,-0.0003427344751568854,-0.024621753313337536,-0.017719147369591418
2025-01-22,0.014296987772519152,0.030490639140141735,-0.0012579263292526103,0.002665897100390792,-0.023945238183767602
2025-01-23,-0.0006904996020651222,0.004836177680101006,0.007296202365009248,-0.010587521607179465,0.013041462429298975
2025-01-24,-0.009110941718676506,0.005346385888984513,0.0031752466686368755,-0.01382516919535025,-0.02475576160820197
2025-01-27,-0.012196857586132757,-0.02891384511583251,-0.003402575986446881,-0.013693733757798334,-0.029093711625583843
2025-01-28,0.02460587135677538,0.00424461474691945,-0.010621984597081193,0.004099508435763076,0.021092894395549386
2025-01-29,0.004122198962962336,0.027757020393427527,-0.004834372310135463,0.0008907197941347305,0.032756578838236544
2025-01-30,0.00843038434970588,-0.011386810786016674,0.006555274681339115,0.014104868021738333,-0.07683091006639597
2025-01-31,0.004276942700127697,0.010615790827484704,0.025575710866443606,0.009570550590031075,0.027249662081768378
2025-02-01,-0.004602211734096874,-0.01525030527231375,0.033078062509361655,-0.0003953106147892814,-0.013425755399007271
2025-02-03,-0.007687779962511411,0.006434030916505417,-0.01788684257610746,-0.0148976292674954,-0.027404852850193763
2025-02-04,0.025244796238619405,0.01887298865219365,0.0017592274947006241,0.03105608085475968,0.033050220339769266
2025-02-05,0.00977254231245471,-0.0009219915235641163,-0.015499018196555275,-0.005461508346629045,0.009106125623601913
2025-02-06,0.00347529614944997,0.00975688334186841,-0.01585643801812477,0.0026175185992667314,-0.010373585930782967
2025-02-07,-0.0063855180586056375,-0.006283891390407307,-0.023511503131717758,-0.011655225812753585,-0.00409489378172705
2025-02-10,-0.009859510121385959,-0.0123417644870988,-0.008507716882035258,-0.010355770362975752,-0.015327342453934764
2025-02-11,-0.008398769323142171,-0.002476126044730315,-0.021053613679468928,-0.015109794056764578,-0.026571161659102442
2025-02-12,0.0031687805944750733,-0.006686659214707866,-0.004624495093446061,-0.014930517181575044,0.009690943277700531
2025-02-13,-0.005345933684424658,-0.010738266796900198,-0.00048798090501255714,-0.00037008465298924044,-0.0007309467618980323
2025-02-14,-0.0016801507361120396,0.007108793209598843,0.0013415934151195983,0.0009452862562630963,-0.0046902613599364385
2025-02-17,0.013188176981921183,-0.007624278006303962,-0.004030112193477554,0.006265069483906232,0.00870360165328021
2025-02-18,0.003313567715182815,0.005224330371192229,-0.00823249612782357,0.0004081203031675876,-0.006135803027850628
2025-02-19,0.002405577969027095,-0.022470375598450335,0.0028337567266648075,0.001671343362531663,-0.0020536929130076523
2025-02-20,-0.02349040471558763,0.00789344869129725,-0.010761500010484416,0.004511445603740273,0.012839296600280695
2025-02-21,0.003195596646170775,-0.005576761248357956,-0.002864379526270795,-0.003941250124364096,-0.024359196241930694
2025-02-24,-0.009140686129596497,-0.028444793550692685,0.0024912897168104632,-0.011135203305847666,-0.007380114810402175
2025-02-25,0.003125514958759508,0.0020385620616128223,0.007313345758489646,-0.00872432865224079,-0.01000120262612142
2025-02-27,0.010848292051481152,-0.0019251671780750963,-0.00806010555439464,0.0025713635590520673,-0.01992199270241496
2025-02-28,0.018467858872547507,-0.044387346003541946,-0.016570741380367442,-0.005815900140341695,-0.04397185642702181
2025-03-03,-0.017968082393824178,0.012307644558146962,0.0061833493413011135,-0.024333368191269807,0.0008053481306463789
2025-03-04,0.00495370020214702,-0.011952255361021959,-0.006563181872902948,-0.008014917374346425,-0.003144291586468246
2025-03-05,-0.011764787615578014,0.013648096692231304,0.025504504788532577,0.011722009039956212,0.03428898337238995
2025-03-06,0.0007097712042869719,0.002538344471574703,0.0016035113105325614,0.028511048264477364,-0.0017961184984614513
2025-03-07,-0.0011536248601559627,-0.01754973209527189,-0.004446726276631361,0.03269393584919259,0.01343225834045884
2025-03-10,-0.00103652467912423,0.009121995148672882,0.0027198418582617713,-0.009163294040024108,-0.00023124758172832829
2025-03-11,-0.0011859273596916643,-0.023699838983144688,0.002958607361632365,0.007160936200672365,-0.00015438632949293826
2025-03-12,0.015103534645319758,-0.043512588401149806,0.015148007534825491,0.007786575622369879,0.030769368638238325
2025-03-13,-0.002662636054844197,-0.0069384745634102065,-0.0008490813463149831,-0.007305663686450899,-0.01933888563821035
2025-03-17,0.002224122663326415,0.006435585524370637,-0.009999964079076842,-0.007278625254208839,0.008431145252822216
2025-03-18,0.0,0.0,0.0028150277828990103,0.0,0.0
2025-03-19,0.019511425668012967,-0.00220361364278704,-0.014899213518489796,0.006677473869872399,0.03156671238101399
2025-03-20,0.014034420136143871,0.018113678404546828,0.0022306448901871024,0.017486347132419804,0.011367864015657259
2025-03-21,0.0009041152069514844,-0.01433902273146294,0.003952962498645611,0.0056571159152010615,0.018521714930247495
2025-03-24,0.016609456916308055,0.00012560904885394912,0.013105696140460293,0.019973913720624136,0.01489668996680001
2025-03-25,0.011846151406402768,0.022166500466201337,-0.002680577249708856,-0.012869497010783177,-0.0044950898547183316
2025-03-26,-0.008213839420731318,-0.017968893141157172,-0.005996444269242466,-0.009693249245642322,-0.0028901971739958778
2025-03-27,0.010352714050446465,0.002560196284959403,0.005142053192885719,0.004037186309864146,-0.05768600280360349
2025-03-28,0.0015601939672095788,-0.020730429366219362,0.0007323685278065848,-0.002428254027734958,0.008786441189350715
2025-04-01,-0.03356774750454939,-0.028511982689756375,-0.007594305279084906,-0.017803231732313754,-0.0038625536113968753
2025-04-02,0.0162988089075583,0.0153742258155752,0.005884504041403663,-0.0011581942396931306,7.44616084236021e-05
2025-04-03,-0.0011415025105661403,-0.03522270058026359,0.0008552262372299433,-0.0019601619422239622,-0.027078538956071648
2025-04-04,0.012430412017273778,-0.030428121128577748,0.0007325375605815876,-0.03587245529680762,-0.0632804239923757
2025-04-07,-0.03334569732583792,-0.03855278105923967,-0.00894888054936952,-0.032908753847858796,-0.05715356619017561
2025-04-08,0.006493093052882698,0.022686863330783038,0.015881037834756348,0.014055377048341235,0.015574475960792204
2025-04-09,-0.002348540967786781,-0.017723422745365806,0.00904875357668343,0.0026609948350128023,-0.010155772550687144
2025-04-11,0.023378881612649925,0.004087947797327093,0.012532300161672737,0.027951691990333864,0.02062969668044753
2025-04-15,0.031677822656586245,0.011673812938328244,-0.002731775763529493,0.01720225514944161,0.04461622568563937
2025-04-16,0.007000002105333073,-0.009087426280369352,0.009587685592563679,-0.0006452689285472714,-0.00993348055750857
2025-04-17,0.015166519323029096,0.004518803693061736,0.006575037669513944,0.028007192672241346,0.008888249259841267
2025-04-21,0.010642334180785426,0.021948265188787477,-0.010351879745448817,0.016342769810214163,0.013582737011388403
2025-04-22,0.017795175787839474,-0.01962614813847366,0.025105005658217154,-0.0033247979167371684,0.001268979166956953
2025-04-23,-0.019457019606858573,0.03596342616269891,-0.0063624498703938855,0.00679230619934806,0.04502032799605969
2025-04-24,-0.003697326739389408,-0.002375860959115036,-0.0018585872564052404,0.001230014725473625,0.012723554477944337
2025-04-25,-0.0029258169080773493,0.005962760291808445,-0.005245644325532167,-0.0009223455067531163,-0.019795047162978502
2025-04-28,0.004698021896923962,0.0012827692718705948,0.002334820606833489,0.051262512788057255,0.01949586370123579
2025-04-29,-0.005954502828301809,0.010337113989545869,-0.006551192753021454,0.022323442589696704,-0.003823971505046761
2025-04-30,0.00845112757371435,0.0017347377727613522,-0.0004696105938488926,0.003779387431813223,-0.032602018486409014
2025-05-02,-0.0016116331889511632,0.004522751410552324,0.008651917475140795,0.010478755043143157,0.007500048834487978
2025-05-05,0.0077228187734021524,0.0011275414840031337,0.017197119211827865,0.00806715793897903,0.018998674114379256
2025-05-06,-0.0026366624540196427,0.0019204487974244058,-0.0032092866647284207,-0.007292704897796054,-0.02038620758994353
2025-05-07,0.0071700208798675365,-0.002119294285517115,-0.010153530690095459,-0.0105417052029552,0.048334569696178095
2025-05-08,-0.008827969212175215,0.0020531156951333947,-0.0012763668433445632,0.0007109970049318225,0.0037413149830025556
2025-05-09,-0.020324413387608146,-0.002517355883560946,-0.016508070064622057,-0.021407287423813114,0.03687491212697254
2025-05-12,0.03509676343325393,0.0761573108301534,0.02782323435665141,0.042157119907199184,0.017211603529331446
2025-05-13,-0.01783639265993271,-0.03649289383777388,-0.017605222721347468,-0.01458551801524663,-0.01834133905139685
2025-05-14,-0.006261118169879108,0.015058933001084688,0.0028004165599010314,0.006126548378474156,-0.012441105384819377
2025-05-15,0.012069605117924247,0.012853495917347843,0.008239087268476702,0.020705297922747206,0.04085913582902909
2025-05-16,0.00046528930344393526,-0.014424686026660978,0.007024872146425451,0.001511708283568839,0.0035645947101951587
2025-05-19,0.002065373198196787,-0.019113519124575703,-0.0008036565982531675,-0.010769120984368483,-0.0016436253550427586
2025-05-20,-0.012352215422238475,0.0005127215966627488,-0.0010342227026465811,-0.011307430800235224,-0.01463707405272026
2025-05-21,0.0061952123792337185,0.00504944886940996,-0.004378322969194351,0.003223726638144457,0.01092903111562191
2025-05-22,-0.0035875249709270084,-0.013479098269846232,-0.016063711045572242,-0.013950693300255943,-0.012948081358206574
2025-05-23,0.007110452936214967,0.011117338451887598,0.02365603478999435,0.012270146925169765,0.001114477736502412
2025-05-26,0.0034074348637490185,0.009983178250287763,0.015013948899189986,0.005591216103663253,0.014856040017228874
2025-05-27,-0.0071899190324741374,-0.006601921489451876,-0.020529983918597672,-0.008890846798027239,-0.01736525555099453
2025-05-28,-0.0014545910428035095,0.00108217997878365,-0.013825819441051563,-0.006490312906617755,0.002091464343770235
2025-05-29,0.0020773866881962284,0.008741307078494331,-0.0034567787389244028,0.0034621215893058986,0.009012775107218129
2025-05-30,0.008986701725483787,-0.0005756938060982347,-0.0016730471525230439,0.0021840326783150767,-0.006856226857980941
2025-06-02,-0.006603013680430991,-0.005711511985108945,0.002985596106110559,-0.005080145668467682,-0.01104061790128569
2025-06-03,-0.00388938756010845,-0.006974979490583436,-0.005620207007832602,-0.005817160093707354,-0.010950615782865464
2025-06-04,0.008588215195084696,0.00530023750392811,0.00011981852535392575,0.012725474001345745,0.01606288513503974
2025-06-05,0.00431779513472659,0.0019964989830525376,0.005023352801196456,0.013189751696772082,0.0014091275433416235
2025-06-06,0.014815905427667472,0.006093470706246722,0.004642027485245368,0.0007623232814284793,0.0011962294739787116
2025-06-09,0.00010111919123440142,0.005802292736356928,0.0047387591701995154,0.0036649195058283237,0.00951849614209174
2025-06-10,-0.006896240618696145,0.014579438005680633,0.009293679654571597,-0.007134795505135529,0.019931087215808822
2025-06-11,-0.007610397904851057,0.021754047010403156,-0.001992650857847736,0.007203799955355094,0.005651445624461669
2025-06-12,-0.003595485306889769,-0.013890273885546619,-0.012158529934685545,-0.005050990586852596,-0.02900153014664691
2025-06-13,-0.013364617873794704,-0.004111383392352944,-0.017008468669066402,-0.009548818572424508,-0.004623852756670018
2025-06-16,0.00923955317871997,0.013516209698629713,0.010335395876475764,0.006909384232085239,-0.03632335531062418
2025-06-17,-0.0030012847468393056,0.009866254446653993,-0.001914767011662819,-0.004600976366883102,-0.01748248730606177
2025-06-18,0.002226006248734884,-0.004277760623472759,-0.00360020593384155,-0.000768877357365692,-0.006691434809117831
2025-06-19,0.0007236162926256073,-0.008919572782580052,0.00024045842803192935,0.0022351960737360226,0.0030538120397819385
2025-06-20,0.015077250094399511,0.002776656120573316,0.006111049676843083,0.022694439546797302,0.005784320175535056
2025-06-23,-0.008331093159311189,-0.0242613834297588,-0.011171931035846272,-0.006431729541337971,-0.00734728262437593
2025-06-24,0.006395063528572414,-0.0015163648076262318,0.001086638328812564,-0.004127107302955088,0.003569033273879619
2025-06-25,0.009794306574996258,0.02083608424478424,0.004815277176407351,0.011308874328862201,0.0012610032451966745
2025-06-26,0.020790388335221698,0.0006809765535534141,0.009442378848640146,0.018902870497499565,0.012157087545773194
2025-06-27,0.007522359236359009,-0.004962816239976164,-0.003933503592221144,0.013352542735040345,0.0060599416351752675
2025-06-30,-0.006672685436021602,-0.0038631731414263725,-0.00526875356491305,-0.00981444082805585,0.0016001051888213556
2025-07-01,0.005282033862359038,0.0031166336503481683,-0.0032469805384737157,0.018356432157106604,-0.0061233901610251735
2025-07-02,-0.013056368378365562,0.0023000620438165054,-0.005192861161586517,-0.006300898799123411,0.006922483652281599
2025-07-03,0.0005536875058363345,0.005078654607584569,0.0009681198683733742,-0.000658561622605288,0.0026832886732290604
2025-07-04,0.0011065812171616783,0.013499637189811422,-0.0019373330628414717,0.006239578759713593,-0.0019573531461458743
2025-07-07,-0.0009555945830730432,-0.008385161516268034,0.008688362956049541,0.009254384061402419,-0.00029031097600815814
2025-07-08,0.00701968857533224,0.007165438739782638,0.002519999261172336,-0.0025332688851975455,0.006295012446969672
2025-07-09,0.00488460170086,-0.0030559479118505966,0.00537865440477092,-0.012170488228469705,-0.000577228733848802
2025-07-10,-0.0024892016830694993,-0.011017135349496016,-0.006217897569559273,-0.0011857457251290607,0.004033444591644254
2025-07-11,-0.011278601394408049,-0.013019114890740915,-0.0001200152174286222,-0.014606479099100327,-0.02003841657364877
2025-07-14,-0.00035286946397637144,-0.015544392786032127,0.006218565227293876,-0.0077210598512722035,-0.010764664143217494
2025-07-15,0.0062838045198200625,0.009696200328833669,0.0064171924101913864,0.0011451978048724564,0.014570851785673553
2025-07-16,0.00040082372897011747,0.013966089006210257,0.0059052658540241,0.00013460397070549533,-0.007921439515193578
2025-07-17,-0.004719840431010208,-0.015291392826375646,-0.0015319722941342844,-0.006211946258871454,0.003968563387588336
2025-07-18,-0.014958578454587717,0.0016406088392611966,-0.00283453628383733,-0.00027098733010232626,-0.0021292689145346383
2025-07-21,0.021780065045441714,-0.0011354517535678156,-0.006288207125374964,-0.032640852719208406,0.010528695073868229
2025-07-22,0.00329371522790395,-0.00849399764258321,-0.009807512566361925,-0.011121359246170002,-0.020649558936910423
2025-07-23,0.008533142103661719,0.0022890342148595907,-0.0025272005518368603,0.008317526050186633,0.02449693817578342
2025-07-24,-0.005001931614452556,-0.014071242558411917,-0.012122843915969444,-0.015349517722666465,0.014957872537853247
2025-07-25,-0.0022920882262185117,-0.023989155008635847,-0.0013425833089125338,-0.008015604204537282,-0.0188779457658606
2025-07-28,0.0019436362903582508,0.00019788582987790575,0.0012205479510656815,-0.0029504186628898045,-0.006567888909071483
2025-07-29,0.006501093286664544,-0.0015183494345164291,-0.003543716988716806,0.02103690675919087,0.013743080805350966
2025-07-30,0.002075431909564431,0.003495390410559651,-0.0020831642124045186,-0.004951904588955079,-0.035130002621184576
2025-07-31,-0.003758706976588531,-0.00660505841145656,0.010615750500692963,-0.014213001919284676,-0.0037470049641374556
2025-08-01,-0.0029773569510193857,-0.026457032507233073,0.010864366363804055,0.002514502919160294,-0.026013079149315502
2025-08-04,-0.010089491112820342,0.0073896444267811355,0.0009600641579051026,0.012690878461457866,0.0072940034528887745
2025-08-05,-0.007255203993663643,-0.013737874403672194,-0.0064982762111836226,-0.014126962968679444,0.001528799016578492
2025-08-06,0.0038861047704312522,-0.01629316944201042,-0.005204881586939341,0.0007900840010068185,-0.0026769576070437193
2025-08-07,0.00507449485349862,0.00013924083452072778,0.0038760001401906916,-0.002443992997773075,-0.00977415123584689
2025-08-08,-0.01083322888502743,-0.009650456961632192,0.0021736709091279695,-0.01566846276635575,-0.019997555191559303
2025-08-11,0.010933408209833581,0.0035773488243153505,0.005653486748804485,0.0133625610528932,0.031149395110151842
2025-08-12,-0.012961918479483438,-0.0028749560394135862,-0.001200185849411046,-0.0041928080984340605,0.0005352086121391387
2025-08-13,0.005265529373683404,0.0017539596946190147,-0.005418810767508753,0.0015923749768563212,0.014645340764524164
2025-08-14,0.005438894980426911,0.014682101670330329,-0.006419981963838657,-0.0023991104809342485,0.0012797067807538462
2025-08-18,0.006258317870449775,-0.008253797250636009,-0.012595747083169712,0.005733917383452632,0.017007814776437428
2025-08-19,-0.006258317870449658,0.002920853981882262,0.006867927288511127,0.027412664169589443,0.03524431102321867
2025-08-20,-0.0014575262844104028,0.03828543795876673,-0.0074834223624497586,-0.005012143455921325,-0.01532577808138722
2025-08-21,0.0015077565365312104,0.00013370395864882066,-0.0012321278176176441,0.008316373753999923,-0.006108960095520238
2025-08-22,-0.01344882403625706,-0.0059654091859366,-0.01803866616160687,-0.011009368086221378,-0.007468825534581191
2025-08-25,-0.00025451459532849896,0.02954247246760812,0.0026327856010621947,0.00240984424307567,0.009509265107291536
2025-08-26,-0.008847078865943889,-0.0016330838013195199,0.009966393881007828,-0.019804038907330946,-0.00752676140077768
2025-08-28,-0.016156182680858815,-0.0194744349885174,-0.0060926358901758635,0.0007218753634335549,-0.009137185748859546
2025-08-29,-0.006494206634254011,-0.020541581744334434,0.021835210182146587,-0.02092605191100228,-0.009595130853398073
2025-09-01,-0.0010514516845626573,0.020074778799431776,-0.009563565670887087,-0.0024344208509384127,0.031124927933981632
2025-09-02,-0.006437591998297459,-0.0004669364644124612,0.0022151327455012474,0.009263396026687545,-0.008366428033227393
2025-09-03,0.010479545354908625,-0.013164219153716896,0.012217636670318716,0.004454005733653547,0.01111562604584799
2025-09-04,0.0070992300597215565,-0.010944752693424317,0.01002837877445821,-0.009736875771641517,-0.006596297794164805
2025-09-05,0.002234207736148733,-0.012656611320117145,-0.020772033981116794,0.011483916542132218,0.006090445862966489
2025-09-08,0.0026951201225243774,-0.008132129542999782,0.000490870922392921,0.002542216481182689,0.03940419282305513
2025-09-09,-0.0008802523054284277,0.04862736632879815,0.006115446958168752,-0.0016699729879447352,-0.005505016684434638
2025-09-10,0.0007767749823335012,0.018637918072769037,0.007289509656609877,0.0005811920229919093,-0.00905497008016429
2025-09-11,0.0019650738968132954,-0.015054715396698693,0.004830396063893112,0.004564811084390663,-0.004593816588599737
2025-09-12,-0.0005167234335221745,0.010476857222764197,-0.003137036311322632,0.008422440750907756,0.013229420406323873
2025-09-15,-0.0002585260361021563,-0.011338254545299296,-0.0026622607297608846,0.003077654037942712,-0.0032909186681379194
2025-09-16,-0.00020680478943245964,0.0019208059467489265,0.001090005726941892,0.004278710117012921,0.0004908127200120389
2025-09-17,-0.0003620594708586641,0.00731781527328726,-0.009241324836313654,0.006030352127487597,0.00823794067715461
2025-09-18,0.010703042362250259,0.01188383122922856,0.005482107362430531,0.0008483159781524423,-0.011116257168416476
2025-09-19,-0.010289261642218276,-0.00025967011355655103,-0.002189191082980383,-0.005385442930672871,-0.005286769319261939
2025-09-22,-0.002796332143836392,-0.026780593302613162,-0.00905091038113073,-0.012008791859278839,-0.015958153224446988
2025-09-23,-0.007286386703675075,-0.0013346543560183398,-0.00925764124052804,-0.0005753299021048968,0.00729826140886687
2025-09-24,-0.006445707202353135,-0.0019384395343694718,-0.005471276583523179,-0.004904867535378982,-0.02658536029407864
2025-09-25,-0.001262631046073865,-0.006578418327614603,-0.0022469315917321496,-0.0076939708390718385,-0.02768781986207623
2025-09-26,-0.005066198940096365,-0.024475503026388616,0.01241944858301533,0.0037817914243031487,0.012862858107272201
2025-09-29,0.005539856104304532,-0.0049123294032054655,0.005293222339968263,-0.0034904379334003196,-0.0005946477125492315
2025-09-30,0.0007363906352673745,0.0,-0.014095131159854201,-0.00643090646765079,0.011384770393546824
2025-10-01,0.014873051155952902,0.0027705273823003707,0.010035404401644228,0.0034398069858944365,0.054570019803459074
2025-10-03,-0.00010355772875340233,0.0005530805311786993,-0.003210322062939084,-0.003879734417554317,-0.003137117831417774
2025-10-06,0.008562891516726328,0.020119758608713425,-0.008819402905982411,0.008472163862791251,-0.004829339778275502
2025-10-07,0.009253899541075247,-0.011927243232598481,-0.002373293044027496,0.007101982941186253,-0.020699732665865084
2025-10-08,-0.0038751692066682623,0.024717719019467982,-0.00012513374535985832,-0.012644617500512156,-0.023921034637008814
2025-10-09,-0.0016362303766449605,0.009519808853143387,0.00037519420061869454,0.007576924510574216,-0.0006605551332876151
2025-10-10,0.00388156601941051,0.003703424466080608,0.0072255596316115585,0.002826533199235726,-0.003161579005325819
2025-10-13,-0.003983867767554601,-0.014428001995742672,-0.00885231193367157,-0.004860823150484037,-0.027171971686879636
2025-10-14,0.00015354394114212212,-0.0022123777932472606,-0.006155395643271826,0.000654343065919321,-0.5133511486306273
2025-10-15,0.0011250788365876566,-0.010457916857469838,0.007782147945331791,-0.0011635628270127284,-0.011700524486985475
2025-10-16,0.01632396036707134,-0.001968839715093681,0.013042785227225847,0.017312688759116134,0.015108476013618729
2025-10-17,0.00821278226953513,-0.020875622235989096,0.017130059417083038,0.013143636453259628,-0.0005041063363875786
2025-10-20,0.00039890483920006654,0.013646049755033097,0.00218123235263408,0.03468227273081853,0.007911134696749944
2025-10-21,0.004724862788373615,0.007841021460276494,-0.00048425561798883155,-0.001091415632113552,0.00523955785592439
2025-10-23,0.0010909889398387712,0.03739310998469724,0.007480736976829531,-0.011532235954534913,0.009904697805026634
2025-10-24,-0.014025345050669522,-0.0020301497625560003,0.0020413882913355615,0.0022069183055633316,-0.006302934382765107
2025-10-27,0.008209493322457129,0.001396719752792186,0.0091946415587398,0.022142074916754684,0.01659837870737288
2025-10-28,0.0005980281453061134,-0.002862144337036693,-0.006558930295629466,0.001884967543958263,0.003529938955649423
2025-10-29,0.004275639590931182,0.006776121369937649,0.008814872897502515,0.011567668897626367,-0.0003645294764389076
2025-10-30,-0.009670998131246323,-0.011051319672835024,-0.006783000418536921,-0.01049225540980897,0.0026705333582255214
2025-10-31,-0.010929678467287767,-0.0077282247464607766,0.00381364034369509,-0.0014117278298198745,-0.005957817519344971
2025-11-03,0.005404238104990927,0.0021563835452024288,-0.015342454167607307,-0.0011444146649845376,0.016928994248980422
2025-11-04,-0.007482721057986358,-0.011918579863709974,-0.012274641982151693,-0.007843719882867391,-0.02550226585417784
2025-11-06,-0.0006091392490393192,-0.0008178982732341625,-0.0034296297083825232,0.01549271085804977,0.0033155412265356665
2025-11-07,-0.002389553424178803,0.006862715956254366,-0.008502350124281969,-0.012171917059867947,-0.005285444437560422
2025-11-10,0.002237179106858712,0.024547231073738584,0.0037055185585965697,0.007616424285153511,0.011640112345050127
2025-11-11,0.007286714378353791,0.011038982013936972,0.003200442967646233,0.002749219769305914,-0.0069677807064673185
2025-11-12,-0.0022208559175582927,0.013887262502953267,0.0003685691857324108,0.012047070852696318,-0.013461195764395912
2025-11-13,-0.0028843564895936614,-0.006400539032999689,-0.0031991828210192197,-0.00039698850820929423,-0.010498757247114876
2025-11-14,0.0029853659605243695,-0.025620537742337676,0.006020768018920266,0.00528085782944454,-0.017107406394054326
2025-11-17,0.0069984859376059005,0.0031889702617460733,-0.002575869234802717,-0.0003950540129454881,-0.048445154194183486
2025-11-18,-0.00412265259943847,-0.014161903217317036,-0.003075206174930464,0.0007241734180863851,-0.0037635460972255045
2025-11-19,0.002163983681978141,0.036139347911825936,-0.005683270951270582,-0.0003291194051408462,-0.028547880323669925
2025-11-20,0.014225742681081564,-0.0029893421112112645,0.004697172740477368,0.01968774469852651,-0.0029140945739556698
2025-11-21,-0.01076295900186453,0.005516797963576336,0.005901898994738306,-0.0016151641611931852,0.006786249603532783
2025-11-24,0.001101531733660776,0.0019399087756130275,-0.010599071735215744,-0.0069424458220205595,-0.010963979127357672
2025-11-25,-0.00940201872670022,-0.011303988986302567,-0.006837810192999776,0.002471037397909023,-0.016461792689341687
2025-11-26,0.01414480865679182,0.017678974122305947,0.003735509593460654,0.0194243474310957,0.01910973667787984
2025-11-27,0.005562707707909477,0.0054412224098835775,0.004959071794950825,-0.004148991341546072,-0.0040443793912083225
2025-11-28,-0.0018838864854499055,-0.004030114518615719,-0.0001236617104861,0.0026190864108407044,-0.002798820792419712
2025-12-01,-0.005473476944698148,0.0024967131453331234,0.0,-0.000893539695870668,0.019428874196637465
2025-12-02,-0.012350152934553141,-0.0019199643215922018,-0.008196708231159505,-0.012723464126494088,-0.005650836893761461
2025-12-03,0.010752222591783489,0.011275067523524602,-0.0011230547051120725,-0.004862069873907623,-0.013637819523566467
2025-12-04,-0.003303770845189241,0.011900751206064299,0.0063468084750940065,-0.002081727389814339,-0.001121516199541067
2025-12-05,0.0060984755166644256,0.011575226081396082,0.004703065473548504,0.0032507277895635223,-0.008027691134745768
2025-12-08,-0.000199393877908017,-0.0033467015314030493,-0.006565521096835738,0.0015566769326596304,-0.015102188170070304
2025-12-09,-0.005999383465204779,-0.007352584336944129,-0.00311203463208715,-0.008853115498732357,-0.010389677553091984
2025-12-10,-0.007348149920145884,-0.00892017948627459,0.0052226140142669865,0.004891960186547437,-0.0037785303625027696
2025-12-11,0.010552332657722024,0.008294630803994596,-0.0006202262730194389,0.005256444954102387,0.009419690108192099
2025-12-12,0.0011989265586606578,0.00012509422565214765,-0.006973903416043831,0.007415845936226041,0.0023051680163677286
2025-12-15,-0.0054065566994817155,0.005366707714268724,0.005483550306883419,-0.00019281469444813024,-0.0008638486542847813
2025-12-16,-0.0018086592810043257,-0.00868837356009481,-0.0014925775772056675,-0.008972084826756283,-0.004909020950742687
2025-12-17,-0.010413043961905259,0.0056965775989596314,-0.004741046577853411,0.0013606745907964086,0.002601947300711357
2025-12-18,-0.00437949879495336,0.015362090219155716,0.0014995855072306222,0.0,-0.0015893286550593983
2025-12-19,0.005902719506065423,0.007288275248814123,0.001622004015741317,0.013314158233636379,0.019615477788496496
2025-12-22,0.0022299228616735464,0.030588579184507296,0.004105850125354232,0.00655954585499118,0.01826409086234147
2025-12-23,0.008970409235077708,-0.012686616283882906,0.011480870266703856,-0.002987890850689656,0.011351215912856368
2025-12-24,0.0006018996647399437,-0.0029414750740625367,-0.0018428559100893247,-0.007990014436726636,-0.01121200121971572
2025-12-26,-0.005127450707404863,-0.004398264302907051,-0.0060438682658172345,0.0006415368654467969,-0.0011142605836137161
2025-12-29,-0.00040326829888496466,-0.006907464401639195,-0.0038425471345640335,-0.00876064911357044,-0.0005575104212225974
2025-12-30,-0.0008069621874518475,-0.014144680642165272,-0.004980063937616094,-0.0037596523134155097,0.00874580343919192
2025-12-31,0.000302694960950137,-0.0038306653495505825,0.0059731392700676,0.019677863789610932,0.015361695683309518
2026-01-01,-5.0453230898522124e-05,0.008874689572516399,-0.1021948661276958,0.0033056829817391625,0.0005442345626967724
2026-01-02,0.010488046167361882,0.006482811044589761,-0.03866574269850628,0.010543454746843744,0.007589260390435915
2026-01-05,-0.02435564695269591,-0.020944503282543783,-0.0010003155464093866,-0.008957995158841681,0.008603282804503419
2026-01-06,-0.015775986144139123,0.003604038960366503,-0.020949871591595007,-0.04570261107757986,-0.01252629062282697
2026-01-07,-0.013760834445883531,0.01648664035456607,-0.0035105026844806353,-0.002257818658020246,-0.015158946015258096
2026-01-08,-0.002479234192253767,-0.015804523982701196,-0.0010261245044547527,-0.02259068216525811,-0.010791486334165427
2026-01-09,-0.008166761586769525,0.0004956942173672984,-0.011061281041763862,0.0031909447814505213,-0.01485456709518044
2026-01-12,-0.0021855783670618194,-0.011339652568720444,0.0037006734755118845,0.005340477921300964,-0.010217264225786225
2026-01-13,0.00042682796075172477,0.0019405697897841804,-0.010993886135915565,-0.02070913269277348,-0.002284671782543521
2026-01-14,-0.012776613946010032,0.0005002041272380293,0.00014935644325352583,0.00412146895603885,0.00014295600581863753
2026-01-15,0.0,0.0,0.0,0.0,0.0
2026-01-16,0.006086546294957257,0.05473158439300799,-0.01671850489153333,-0.0006171469063911954,0.01080476977114295
2026-01-19,-0.003442663353787753,-0.005102430901519656,0.012077378230302045,-0.030857454178798812,-0.027524691603849797
2026-01-20,0.0035500745820425173,-0.013353001633793696,-0.020925733923609597,-0.013962309297327348,-0.018039624009979743
2026-01-21,-0.01172010633821507,-0.0027163129791734123,-0.0047615036184393755,0.00757529119886442,0.004135308395566706
2026-01-22,-0.0017943543563241806,0.005485394966878629,0.0003079392831138473,-0.0014962040682972614,0.023451549609464026
2026-01-23,-0.0028341450097377667,0.004378741539357568,-0.004473586299183294,-0.01176235549044443,-0.008239885640574337
2026-01-27,0.01118067904436115,0.007097020419206515,-0.014796647045840734,-0.004048289901653133,-0.011387090132253877
2026-01-28,0.006777446071683697,-0.009673993746366807,0.00781494097212323,0.011666504237041974,-0.000293609707514038
2026-01-29,0.0029975535700671337,-0.004209236983121548,-0.007971844338856135,-0.0040893547959850295,0.0327944702231788
2026-01-30,-0.0067033419432125435,-0.011210542039140504,0.011080800009208986,0.0031582075298831357,-0.004986811165608269
2026-02-02,-0.001238387686308956,-0.007094007084431504,-0.023397470314625718,-0.003589593911147956,0.036051344466868376
2026-02-03,0.021953207895365222,0.016193230150384316,0.006177247040362007,0.03303565724385433,0.024900898088971533
2026-02-04,0.004627159354871773,-0.07535364735574432,0.011859196192953206,0.013615168000036147,0.009097166766054512
2026-02-05,-0.00357366840139119,-0.010209564994781551,-0.011697890579309629,-0.009240841811502613,-0.0034686069269493722
2026-02-06,-0.009096750061614358,-0.008654618643883328,0.04906635813749483,0.0051137031212075785,-0.01250599366590583
2026-02-09,-0.004099342178229018,-0.006590577677231406,-0.009250769787776395,0.007416562261122547,0.021154852386271978
2026-02-10,-0.005188113945804462,0.00040074349613369853,-0.0043464293070318745,-0.0021232726050842065,0.0051536361357406935
2026-02-11,-0.005700515147348439,-0.01744330157979,-0.009849240875065194,0.006969159214890572,0.014004586043301593
2026-02-12,-0.007035784932371132,-0.060132195286339805,-0.0025168947391258534,-0.01357299997455974,-0.0032545738473202628
2026-02-13,-0.01830689482658746,-0.012268366316431061,-0.011723817481573248,-0.020429512630679544,-0.008380308379061507
2026-02-16,0.02393945057518973,-0.0025596336510192042,0.013297680515495689,0.01225203442456923,-0.007920894625638886
2026-02-17,-0.00010797075149183962,0.018572772391813177,0.02331467697781678,-0.009859823681494054,0.014735240387849378
2026-02-18,-0.0010808188517367832,-0.012658901615551459,0.02128065422757841,0.01277819454916297,0.0
2026-02-19,-0.009889800410988185,-0.0023320879384085627,-0.019592154437899086,-0.022310480128286934,-0.018852340982176717
2026-02-20,-0.004104129403130474,-0.012703589946905458,0.0030627927653703105,0.006999254417788575,0.006103213940479503
2026-02-23,0.012803590954059018,-0.019174585395474942,-0.004904942761650259,0.006040533906767389,0.005145557777657955
2026-02-24,-0.014285158856812093,-0.03995929117625152,-0.005856077151203911,0.0005601154513101862,-0.00633671976476455
2026-02-25,-0.003190177886079909,0.011381488336031196,-0.011659660904726121,-0.021434677331364452,0.011324835834855806
2026-02-26,-0.009965767620055025,-0.0007753873988934845,-0.004545155068772534,0.0059174163006636095,0.02508531024275345
2026-02-27,-0.012147749887076642,0.008496851995304179,-0.014876031616345502,-0.009212096300274811,-0.02299241680917315
2026-03-02,-0.009450349143180468,-0.008652040351612735,0.004136774236123964,-0.02609260795212117,-0.03199742633735676
2026-03-04,-0.012299550369187607,0.014251293824434963,-0.009412114481770775,-0.009618936989953608,-0.05376742825950947
2026-03-05,0.010421491280846561,-0.0012244974483731493,-0.0014436270757471744,0.032478000568284794,0.011184308997769758
2026-03-06,-0.023865574935064714,0.0019891310429334293,-0.005795237145274271,0.011022927758322568,-0.012466514275140759
2026-03-09,-0.019261314210614097,0.005031648744681292,-0.012018966899134658,0.013574823971311888,-0.05493872430247461
2026-03-10,0.010354167478444453,-0.01486279463204252,0.009917887898649698,-0.010731506425624272,0.038989071699103636
2026-03-11,-0.01841562438422919,-0.01500856723898491,-0.00016170300691236848,-0.013290749801248631,-0.028949249851786072
2026-03-12,-0.001439978002537935,-0.00826092405208791,-0.015984688252898407,0.0014376437921421565,-0.03273516463637029
2026-03-13,-0.019094346602420296,-0.01392175793678951,-0.00875240232167977,-0.008294575381705669,-0.03272815684998233
2026-03-16,0.028476806950271483,0.0012009400085828917,0.022306978677804214,0.010375490143813606,0.0009546025976495755
2026-03-17,0.0056347631486199715,-0.013614481055046295,-0.011091341883315578,0.001790317196511928,0.015151863154669123
2026-03-18,-0.00272446869990493,0.027361688952522993,-0.002627776017755136,0.007484874539781199,0.017237769181254213
2026-03-19,-0.05466703233906636,-0.03722435716257038,-0.020098598043591,-0.01668554038231336,-0.04874402098408771
2026-03-20,-0.022488490444394726,0.02834598225791417,0.006522309207001253,0.021149668636858708,0.015399786050514652
2026-03-23,-0.0476279985755421,0.0007163970094631538,-0.03218433004956516,-0.004677178794144283,-0.02858039469577996
2026-03-24,0.027502427833767513,0.01696231799927504,0.0027505417454316426,0.0028372670414163665,0.01930472224949244
2026-03-25,0.02249317397942538,0.0006255585635211464,0.015163485479013058,0.0009203356436245065,0.021458412504183868
2026-03-27,-0.03393242036522728,-0.007376077319001568,-0.003387540460388966,-0.04708964734140841,-0.047501517907054015
2026-03-30,-0.03314035745356986,-0.01515721021701842,-0.024039643256604997,-0.0031203544733915027,-0.02335776043170619
2026-04-01,0.01452058809687678,0.01987161467074035,0.01380762021218029,0.018650727016000377,0.02253294342547311
2026-04-02,0.01158639483534907,0.019484511256380423,0.003934675644144719,-0.013751700607661102,0.0011544925406129232
2026-04-06,0.02641586356626505,0.004142620197284854,0.006806226554698338,-0.03450178064181,0.013427466674469764
2026-04-07,0.0012961421666269769,0.025099622007467234,0.012135631887190561,-7.660851207029054e-05,0.004220106337629844
2026-04-08,0.055552384926165856,0.005063991348177769,0.01331357320492298,0.032577183363482205,0.08101407740584597
2026-04-09,-0.022804258778951383,-0.01090459353573728,0.0018167861953325114,-0.013294736804403419,-0.004491060129572088
2026-04-10,0.015671917540624757,-0.029802827422642522,0.004116956368189908,0.015073804246197876,0.02767069995017283
2026-04-13,-0.019439875504534927,-0.012221358572547482,-0.0185774945081786,-0.026340034720573974,0.008429020611703806
2026-04-15,0.018946107052142572,0.02207596790732941,0.011320301150679087,0.021811968996033236,0.03526094291123464
2026-04-16,-0.01800280520904854,0.010592503311990227,0.004459437763063271,-0.000595330981852617,-0.0044805913453263724
2026-04-17,0.005578762629647865,-0.00037906651284061606,0.01114405558859442,0.016025130877408516,0.010608785699967515
2026-04-20,-0.005578762629647836,-0.0046365227937568455,-0.005884278479914009,-0.0012461698212178662,-0.012294088649473983
2026-04-21,0.020284414619140687,0.00045699496357826526,0.015130830777601675,-0.007362178565324447,0.0005620544721566194
2026-04-22,-0.01470565198949276,-0.03455293573353056,-0.013492878398801568,0.006481498024790304,0.01658000528148781
2026-04-23,-0.019631450239249663,-0.022318839038989357,-0.0006549001131631482,-0.013823878990308855,-0.027740613012919406
2026-04-24,0.000637290111328554,-0.07184120491237635,-0.012193141960912382,-0.01168027196892668,-0.004128439459056961
2026-04-27,0.006287111707506324,0.013506247391600707,0.00743245230323404,0.02821687085302721,0.01092442714325356
2026-04-28,-0.009221903917875435,-0.01567382415490343,0.001972775318536547,0.016771704647915515,-0.010068919167579005
2026-04-29,-0.004546783130585717,0.013278382668051203,0.038026087725733695,0.025940420840798166,0.005401664982122787
2026-04-30,-0.00941515542928,0.012174059798206531,-0.004277951346393683,0.0037813202169092656,-0.03212381374105755
2026-05-01,0.0,0.0,0.0,0.0,0.0
2026-05-04,0.009928584419149563,-0.011403440009129694,-0.01214061677920507,0.022323674017795506,0.0043820719818067405
2026-05-05,-0.009151418931474852,0.008267647393857457,0.0011244441468706305,0.00034166928782079667,-0.008489476047542266
2026-05-06,0.030916859363349022,-0.009295308085902702,-0.0024110732949515017,-0.01771540002643879,0.05156515526270329
2026-05-07,-0.0006279264302125718,-0.0038628122451252436,-0.010678027045362491,-0.001183038375255249,0.0030666956688587214
2026-05-08,-0.0192789378748839,0.014091356260792057,0.00016274853348093314,-0.0006964989550920782,-0.010633934198139511
2026-05-11,-0.022273441999053685,-0.0018673436024338314,-0.005217753303689244,-0.03329626928541102,-0.026945814465514938
2026-05-12,-0.017436539588413902,-0.03167739837604329,-0.016981624896585713,-0.0175863842171055,-0.026801001237588037
2026-05-13,-0.0011333111689416557,-0.015198783248539868,0.01239376626010251,-0.0038195707272034207,0.0
2026-05-14,0.026266224815799998,-0.02533830835039294,0.008992114509900213,0.002205406332433297,0.00562455453091396
2026-05-15,-0.0026674711560660653,0.0216811063662989,0.007297559509656693,-0.018827907067700874,0.051212129031033095
2026-05-18,0.0014972466106527192,0.020783370413207315,0.002259394017429686,-0.0003741958034884785,-0.009581620404333734
2026-05-19,-0.008098793113384338,0.04651608101451962,0.0004835357195439885,-0.009930237102117835,0.02253899086817709
2026-05-20,-0.0038765771286175276,-0.00267724228838054,-0.008901879983027586,0.027588985218283305,0.00013842462828789483
2026-05-21,-0.0004609275723846843,-0.010526850234436051,0.0016243826521740974,-0.007455798361025863,0.0002767917857013584
2026-05-22,0.010026598991190589,-0.00568836204163434,-0.020828813301604944,0.0036241250338794172,0.0055195533835717394
2026-05-25,0.025811589488299386,-0.005121553342296844,0.007429997829149844,0.009186200399962478,0.026881851880436854
2026-05-26,-0.01015492208597672,-0.0006850023200908712,-0.007595848388823533,-0.007858064626510279,0.032552090794771865
2026-05-27,-0.026342138165498092,-0.006702081069462253,-0.005805964641920129,-0.004285606802899601,0.03903619328547572
2026-05-28,0.0,0.0,0.0,0.0,0.0
2026-05-29,-0.01876055219960015,0.0008617197311187228,-0.017448894828305476,-0.021934486987735678,-0.01773967419357832
2026-06-01,-0.0024877943723425385,0.035207160003903386,-0.025594902271256645,-0.0009086633380522158,-0.02311353026699413
2026-06-02,0.007444975307888749,0.055243948165676716,0.012791100466070926,-0.0040992803727456,0.013675899410077021
2026-06-03,0.007190913666789286,-0.038666988138627935,-0.022312393720777157,-0.0010655286107936225,0.02016935892336004
2026-06-04,0.000729467446246012,-0.017575360407490023,0.011842908433523468,-0.007260546946886467,0.003885482156219431
2026-06-05,-0.009525500844115454,-0.0031682281454372125,0.001426112234794343,-0.005176317269875239,-0.004764977346364893
2026-06-08,-0.01130780583564831,-0.008301691065120173,-0.004463097457605492,-0.021689728359400744,-0.022369940438164624
2026-06-09,-0.0004062936930823397,-0.006165721590774433,0.0019661737711985346,0.004659358750221434,-0.0030896722425102336
2026-06-10,0.011446384293906518,-0.008693438716277204,0.01295145908555576,-0.008227817257789666,-0.017690269466623124
2026-06-11,-0.003017182845804936,-0.027171079805592302,-0.0044165782487342676,0.0033309183708176144,-0.01347631228086361
2026-06-12,0.03672009328658465,0.0016136702991711783,0.009515533320887498,0.02347525642136645,0.036823616637432895
2026-06-15,0.0063233865721772555,0.016435318288446802,0.009773159091047612,0.010769334852364422,0.016277074319128546
2026-06-16,0.00966573514551492,0.007636597280552803,0.012941255854105129,0.0165418814208928,-0.007088593179534414
2026-06-17,0.0027988783138918135,0.01225407593511584,-0.0030906408733374275,0.0029306069020688568,-0.08659569324861416
2026-06-18,0.015005689591172117,-0.026432443658010736,0.001374785920880427,-0.003457591923677681,0.010198448070240817
2026-06-19,-0.007919331534763678,-0.06988015977095863,0.004626089352256984,-0.014103946075739332,-0.0059626992573304696
2026-06-22,0.008428138983862457,0.013227705792419242,-0.004282661792000848,0.012898509630027784,0.005547864437717963
2026-06-23,-0.015054253919755725,-0.034471331427595356,-0.0043010818993905854,-0.012898509630027795,-0.019412696278461043
2026-06-24,0.023664066076691862,0.02617717565326762,0.0012061898587741552,0.00312605616478306,-0.013773666343876239
2026-06-25,0.0039005718984687016,-0.0146823353995666,-0.0012061898587741378,0.003419846083707603,0.009958824314565826
2026-06-26,0.0,0.0,0.0,0.0,0.0
2026-06-29,0.003259828113883163,-0.00433130299490527,0.002410926576161115,-0.013058087683752058,-0.023345204602009915
2026-06-30,-0.0011898579044079326,-0.035642599821730105,-0.012983822461689014,-0.0054722673220130545,0.02050993203244017
2026-07-01,-0.002258313175596629,-0.015209072468487442,0.011606801885879904,0.010838320826651824,-0.012571663899143506
2026-07-02,-0.0003140604809991661,0.05489487503690809,-0.0013788141071277731,-0.0034462986435875977,-0.005333275591979234
2026-07-03,0.006449771367345385,0.006034141992188193,0.00017252154917466817,0.000383509113041898,-0.0053619606892994056
2026-07-06,0.03532158029294231,-0.004786072344272466,-0.005880377273750233,0.0131796738881813,0.008536496070839795
2026-07-07,-0.0006629754094001864,0.028005706993771574,0.0017331026868348742,-0.009811102051071788,-0.013781316737548534
2026-07-08,-0.02317742233562709,-0.002335249191627414,-0.02845294219557934,-0.025153204261233,-0.03040198665025535
2026-07-09,0.008907513647510199,-0.01745244914728895,0.004975997265889149,0.0030520227958184725,-0.0016577135981748897
2026-07-10,0.00901074518539137,0.016235915241184014,-0.0010641639864273327,0.021642519604961316,0.019270182041265627
2026-07-13,-0.008521568270638118,0.03188326449317674,-0.007481353477840948,-0.008369553296620655,0.0126434725013753
2026-07-14,-0.010507962359187736,-0.008836268991900355,-0.014769743413404686,-0.003011720394776417,-0.026348456794858033
2026-07-15,0.007446860467687855,-0.01530545738451543,0.003984091253249555,0.0019316212303071116,-0.0010505173932563862
2026-07-16,-0.008806861434919797,0.005651541775166999,0.009712350472258944,0.000848713909436449,-0.003610149014429615
2026-07-17,0.013883124939272731,0.012942468445874671,0.004821029101508006,0.02332598817430362,0.011387651813912903
2026-07-20,-0.052604164827423104,-0.008609711105961522,0.007099781024047327,-0.0030939734897069628,0.0025295931362576034
2026-07-21,-0.02098769542054655,-0.012589239433145646,-0.006031638545958027,-0.0147711113809632,-0.00790761125834656
2026-07-22,-0.010960082764236904,-0.020136194709671873,-0.0007120406544241215,-0.011649999456884323,-0.018443381702440514
2026-07-23,-0.007864642400712779,-0.0044772174545707494,0.0017790434214254467,-0.012808691894503137,-0.010429617283295431
2026-07-24,-0.005972988119302858,-0.006225179178408021,0.007614111735471384,0.004548709073633054,-0.0015429721278616077
2026-07-27,-0.004384936433391154,0.03613423367261845,0.008431435225924115,0.0015637219761827589,0.011819943313108155
2026-07-28,-0.005627274545837754,0.024258593739177936,-0.004206885107228569,-0.009655881486080438,-0.009968643430874096
2026-07-29,0.017255736163728306,0.044141094077356766,0.005605220913535637,0.006447634634892349,0.016509069685587113
2026-07-30,0.007655730773330956,-0.00043276930659055243,-0.0042009942150350735,0.013235945081211948,0.013253279575356864
